date,area,smartlink,ankle_monitor,other,total,smartlink_pct,ankle_monitor_pct,other_pct,source_file
2021-01-30,atlanta,584,751,1452,2787,0.21,0.269,0.521,FY21-detentionstats_WB_20210211083343.xlsx
2021-01-30,baltimore,118,1516,900,2534,0.047,0.598,0.355,FY21-detentionstats_WB_20210211083343.xlsx
2021-01-30,boston,659,708,144,1511,0.436,0.469,0.095,FY21-detentionstats_WB_20210211083343.xlsx
2021-01-30,buffalo,10,70,354,434,0.023,0.161,0.816,FY21-detentionstats_WB_20210211083343.xlsx
2021-01-30,chicago,1903,2112,2505,6520,0.292,0.324,0.384,FY21-detentionstats_WB_20210211083343.xlsx
2021-01-30,dallas,175,644,187,1006,0.174,0.64,0.186,FY21-detentionstats_WB_20210211083343.xlsx
2021-01-30,denver,451,167,799,1417,0.318,0.118,0.564,FY21-detentionstats_WB_20210211083343.xlsx
2021-01-30,detroit,4591,460,2693,7744,0.593,0.059,0.348,FY21-detentionstats_WB_20210211083343.xlsx
2021-01-30,el paso,112,347,617,1076,0.104,0.322,0.573,FY21-detentionstats_WB_20210211083343.xlsx
2021-01-30,houston,577,2061,47,2685,0.215,0.768,0.018,FY21-detentionstats_WB_20210211083343.xlsx
2021-01-30,los angeles,832,3601,5807,10240,0.081,0.352,0.567,FY21-detentionstats_WB_20210211083343.xlsx
2021-01-30,miami,1418,4365,118,5901,0.24,0.74,0.02,FY21-detentionstats_WB_20210211083343.xlsx
2021-01-30,new orleans,966,1597,321,2884,0.335,0.554,0.111,FY21-detentionstats_WB_20210211083343.xlsx
2021-01-30,new york,445,1592,1610,3647,0.122,0.437,0.441,FY21-detentionstats_WB_20210211083343.xlsx
2021-01-30,newark,3792,1057,2117,6966,0.544,0.152,0.304,FY21-detentionstats_WB_20210211083343.xlsx
2021-01-30,philadelphia,1302,355,410,2067,0.63,0.172,0.198,FY21-detentionstats_WB_20210211083343.xlsx
2021-01-30,phoenix,211,920,25,1156,0.183,0.796,0.022,FY21-detentionstats_WB_20210211083343.xlsx
2021-01-30,salt lake city,2218,275,515,3008,0.737,0.091,0.171,FY21-detentionstats_WB_20210211083343.xlsx
2021-01-30,san antonio,320,644,732,1696,0.189,0.38,0.432,FY21-detentionstats_WB_20210211083343.xlsx
2021-01-30,san diego,1177,721,821,2719,0.433,0.265,0.302,FY21-detentionstats_WB_20210211083343.xlsx
2021-01-30,san francisco,1277,3696,5557,10530,0.121,0.351,0.528,FY21-detentionstats_WB_20210211083343.xlsx
2021-01-30,seattle,1401,875,1584,3860,0.363,0.227,0.41,FY21-detentionstats_WB_20210211083343.xlsx
2021-01-30,st paul,916,315,987,2218,0.413,0.142,0.445,FY21-detentionstats_WB_20210211083343.xlsx
2021-01-30,washington dc,1450,1080,303,2833,0.512,0.381,0.107,FY21-detentionstats_WB_20210211083343.xlsx
2021-02-13,atlanta,587,776,1446,2809,0.209,0.276,0.515,FY21_detention-stats_WB_20210305152456.xlsx
2021-02-13,baltimore,132,1599,922,2653,0.05,0.603,0.348,FY21_detention-stats_WB_20210305152456.xlsx
2021-02-13,boston,685,725,142,1552,0.441,0.467,0.091,FY21_detention-stats_WB_20210305152456.xlsx
2021-02-13,buffalo,10,64,349,423,0.024,0.151,0.825,FY21_detention-stats_WB_20210305152456.xlsx
2021-02-13,chicago,1930,2107,2473,6510,0.296,0.324,0.38,FY21_detention-stats_WB_20210305152456.xlsx
2021-02-13,dallas,180,644,191,1015,0.177,0.634,0.188,FY21_detention-stats_WB_20210305152456.xlsx
2021-02-13,denver,461,162,791,1414,0.326,0.115,0.559,FY21_detention-stats_WB_20210305152456.xlsx
2021-02-13,detroit,4652,455,2667,7774,0.598,0.059,0.343,FY21_detention-stats_WB_20210305152456.xlsx
2021-02-13,el paso,112,388,619,1119,0.1,0.347,0.553,FY21_detention-stats_WB_20210305152456.xlsx
2021-02-13,houston,590,2132,48,2770,0.213,0.77,0.017,FY21_detention-stats_WB_20210305152456.xlsx
2021-02-13,los angeles,842,3566,5816,10224,0.082,0.349,0.569,FY21_detention-stats_WB_20210305152456.xlsx
2021-02-13,miami,1514,4412,128,6054,0.25,0.729,0.021,FY21_detention-stats_WB_20210305152456.xlsx
2021-02-13,new orleans,973,1572,321,2866,0.339,0.548,0.112,FY21_detention-stats_WB_20210305152456.xlsx
2021-02-13,new york,449,1601,1605,3655,0.123,0.438,0.439,FY21_detention-stats_WB_20210305152456.xlsx
2021-02-13,newark,3770,1083,2117,6970,0.541,0.155,0.304,FY21_detention-stats_WB_20210305152456.xlsx
2021-02-13,philadelphia,1312,371,402,2085,0.629,0.178,0.193,FY21_detention-stats_WB_20210305152456.xlsx
2021-02-13,phoenix,209,1029,23,1261,0.166,0.816,0.018,FY21_detention-stats_WB_20210305152456.xlsx
2021-02-13,salt lake city,2213,290,516,3019,0.733,0.096,0.171,FY21_detention-stats_WB_20210305152456.xlsx
2021-02-13,san antonio,341,713,742,1796,0.19,0.397,0.413,FY21_detention-stats_WB_20210305152456.xlsx
2021-02-13,san diego,1191,823,821,2835,0.42,0.29,0.29,FY21_detention-stats_WB_20210305152456.xlsx
2021-02-13,san francisco,1249,3760,5553,10562,0.118,0.356,0.526,FY21_detention-stats_WB_20210305152456.xlsx
2021-02-13,seattle,1435,865,1581,3881,0.37,0.223,0.407,FY21_detention-stats_WB_20210305152456.xlsx
2021-02-13,st paul,911,313,984,2208,0.413,0.142,0.446,FY21_detention-stats_WB_20210305152456.xlsx
2021-02-13,washington dc,1500,1059,294,2853,0.526,0.371,0.103,FY21_detention-stats_WB_20210305152456.xlsx
2021-02-27,atlanta,584,812,1442,2838,0.206,0.286,0.508,FY21_detention-stats_0301.xlsx
2021-02-27,baltimore,137,1580,912,2629,0.052,0.601,0.347,FY21_detention-stats_0301.xlsx
2021-02-27,boston,732,723,143,1598,0.458,0.452,0.089,FY21_detention-stats_0301.xlsx
2021-02-27,buffalo,11,58,349,418,0.026,0.139,0.835,FY21_detention-stats_0301.xlsx
2021-02-27,chicago,1957,2109,2453,6519,0.3,0.324,0.376,FY21_detention-stats_0301.xlsx
2021-02-27,dallas,185,658,193,1036,0.179,0.635,0.186,FY21_detention-stats_0301.xlsx
2021-02-27,denver,472,160,781,1413,0.334,0.113,0.553,FY21_detention-stats_0301.xlsx
2021-02-27,detroit,4735,446,2620,7801,0.607,0.057,0.336,FY21_detention-stats_0301.xlsx
2021-02-27,el paso,113,417,616,1146,0.099,0.364,0.538,FY21_detention-stats_0301.xlsx
2021-02-27,houston,594,2107,49,2750,0.216,0.766,0.018,FY21_detention-stats_0301.xlsx
2021-02-27,los angeles,861,3574,5782,10217,0.084,0.35,0.566,FY21_detention-stats_0301.xlsx
2021-02-27,miami,1600,4489,101,6190,0.258,0.725,0.016,FY21_detention-stats_0301.xlsx
2021-02-27,new orleans,982,1580,322,2884,0.34,0.548,0.112,FY21_detention-stats_0301.xlsx
2021-02-27,new york,462,1611,1605,3678,0.126,0.438,0.436,FY21_detention-stats_0301.xlsx
2021-02-27,newark,3753,1094,2111,6958,0.539,0.157,0.303,FY21_detention-stats_0301.xlsx
2021-02-27,philadelphia,1327,390,395,2112,0.628,0.185,0.187,FY21_detention-stats_0301.xlsx
2021-02-27,phoenix,204,1109,23,1336,0.153,0.83,0.017,FY21_detention-stats_0301.xlsx
2021-02-27,salt lake city,2223,282,513,3018,0.737,0.093,0.17,FY21_detention-stats_0301.xlsx
2021-02-27,san antonio,340,979,777,2096,0.162,0.467,0.371,FY21_detention-stats_0301.xlsx
2021-02-27,san diego,1201,907,817,2925,0.411,0.31,0.279,FY21_detention-stats_0301.xlsx
2021-02-27,san francisco,1249,3767,5534,10550,0.118,0.357,0.525,FY21_detention-stats_0301.xlsx
2021-02-27,seattle,1465,831,1577,3873,0.378,0.215,0.407,FY21_detention-stats_0301.xlsx
2021-02-27,st paul,911,332,982,2225,0.409,0.149,0.441,FY21_detention-stats_0301.xlsx
2021-02-27,washington dc,1566,1054,285,2905,0.539,0.363,0.098,FY21_detention-stats_0301.xlsx
2021-03-13,atlanta,597,837,1427,2861,0.209,0.293,0.499,FY21_detention-stats_0317.xlsx
2021-03-13,baltimore,139,1559,901,2599,0.053,0.6,0.347,FY21_detention-stats_0317.xlsx
2021-03-13,boston,770,852,138,1760,0.438,0.484,0.078,FY21_detention-stats_0317.xlsx
2021-03-13,buffalo,11,50,361,422,0.026,0.118,0.855,FY21_detention-stats_0317.xlsx
2021-03-13,chicago,2017,2078,2446,6541,0.308,0.318,0.374,FY21_detention-stats_0317.xlsx
2021-03-13,dallas,203,642,203,1048,0.194,0.613,0.194,FY21_detention-stats_0317.xlsx
2021-03-13,denver,537,103,778,1418,0.379,0.073,0.549,FY21_detention-stats_0317.xlsx
2021-03-13,detroit,4824,437,2557,7818,0.617,0.056,0.327,FY21_detention-stats_0317.xlsx
2021-03-13,el paso,148,622,620,1390,0.106,0.447,0.446,FY21_detention-stats_0317.xlsx
2021-03-13,houston,615,2125,42,2782,0.221,0.764,0.015,FY21_detention-stats_0317.xlsx
2021-03-13,los angeles,873,3559,5795,10227,0.085,0.348,0.567,FY21_detention-stats_0317.xlsx
2021-03-13,miami,1705,4433,161,6299,0.271,0.704,0.026,FY21_detention-stats_0317.xlsx
2021-03-13,new orleans,1004,1530,327,2861,0.351,0.535,0.114,FY21_detention-stats_0317.xlsx
2021-03-13,new york,492,1619,1600,3711,0.133,0.436,0.431,FY21_detention-stats_0317.xlsx
2021-03-13,newark,3755,1123,2118,6996,0.537,0.161,0.303,FY21_detention-stats_0317.xlsx
2021-03-13,philadelphia,1331,389,397,2117,0.629,0.184,0.188,FY21_detention-stats_0317.xlsx
2021-03-13,phoenix,206,1211,23,1440,0.143,0.841,0.016,FY21_detention-stats_0317.xlsx
2021-03-13,salt lake city,2220,275,518,3013,0.737,0.091,0.172,FY21_detention-stats_0317.xlsx
2021-03-13,san antonio,357,1622,645,2624,0.136,0.618,0.246,FY21_detention-stats_0317.xlsx
2021-03-13,san diego,1233,1043,814,3090,0.399,0.338,0.263,FY21_detention-stats_0317.xlsx
2021-03-13,san francisco,1270,3751,5528,10549,0.12,0.356,0.524,FY21_detention-stats_0317.xlsx
2021-03-13,seattle,1521,807,1569,3897,0.39,0.207,0.403,FY21_detention-stats_0317.xlsx
2021-03-13,st paul,908,351,983,2242,0.405,0.157,0.438,FY21_detention-stats_0317.xlsx
2021-03-13,washington dc,1636,1021,268,2925,0.559,0.349,0.092,FY21_detention-stats_0317.xlsx
2021-03-27,atlanta,650,856,1410,2916,0.223,0.294,0.484,FY21_detention-stats_0331.xlsx
2021-03-27,baltimore,146,1371,771,2288,0.064,0.599,0.337,FY21_detention-stats_0331.xlsx
2021-03-27,boston,812,999,138,1949,0.417,0.513,0.071,FY21_detention-stats_0331.xlsx
2021-03-27,buffalo,17,37,375,429,0.04,0.086,0.874,FY21_detention-stats_0331.xlsx
2021-03-27,chicago,2223,1893,2444,6560,0.339,0.289,0.373,FY21_detention-stats_0331.xlsx
2021-03-27,dallas,223,617,210,1050,0.212,0.588,0.2,FY21_detention-stats_0331.xlsx
2021-03-27,denver,574,67,774,1415,0.406,0.047,0.547,FY21_detention-stats_0331.xlsx
2021-03-27,detroit,4955,422,2487,7864,0.63,0.054,0.316,FY21_detention-stats_0331.xlsx
2021-03-27,el paso,166,829,626,1621,0.102,0.511,0.386,FY21_detention-stats_0331.xlsx
2021-03-27,houston,622,2186,38,2846,0.219,0.768,0.013,FY21_detention-stats_0331.xlsx
2021-03-27,los angeles,910,3568,5817,10295,0.088,0.347,0.565,FY21_detention-stats_0331.xlsx
2021-03-27,miami,1915,4323,161,6399,0.299,0.676,0.025,FY21_detention-stats_0331.xlsx
2021-03-27,new orleans,1152,1363,331,2846,0.405,0.479,0.116,FY21_detention-stats_0331.xlsx
2021-03-27,new york,558,1640,1600,3798,0.147,0.432,0.421,FY21_detention-stats_0331.xlsx
2021-03-27,newark,3904,1041,2114,7059,0.553,0.147,0.299,FY21_detention-stats_0331.xlsx
2021-03-27,philadelphia,1342,381,393,2116,0.634,0.18,0.186,FY21_detention-stats_0331.xlsx
2021-03-27,phoenix,208,1320,24,1552,0.134,0.851,0.015,FY21_detention-stats_0331.xlsx
2021-03-27,salt lake city,2212,281,518,3011,0.735,0.093,0.172,FY21_detention-stats_0331.xlsx
2021-03-27,san antonio,438,2309,584,3331,0.131,0.693,0.175,FY21_detention-stats_0331.xlsx
2021-03-27,san diego,1264,1353,814,3431,0.368,0.394,0.237,FY21_detention-stats_0331.xlsx
2021-03-27,san francisco,1355,3637,5548,10540,0.129,0.345,0.526,FY21_detention-stats_0331.xlsx
2021-03-27,seattle,1553,754,1546,3853,0.403,0.196,0.401,FY21_detention-stats_0331.xlsx
2021-03-27,st paul,916,355,986,2257,0.406,0.157,0.437,FY21_detention-stats_0331.xlsx
2021-03-27,washington dc,1547,966,227,2740,0.565,0.353,0.083,FY21_detention-stats_0331.xlsx
2021-04-10,atlanta,694,923,1411,3028,0.229,0.305,0.466,FY21_detention-stats_0414.xlsx
2021-04-10,baltimore,155,1180,679,2014,0.077,0.586,0.337,FY21_detention-stats_0414.xlsx
2021-04-10,boston,833,1073,138,2044,0.408,0.525,0.068,FY21_detention-stats_0414.xlsx
2021-04-10,buffalo,17,41,374,432,0.039,0.095,0.866,FY21_detention-stats_0414.xlsx
2021-04-10,chicago,2439,1717,2442,6598,0.37,0.26,0.37,FY21_detention-stats_0414.xlsx
2021-04-10,dallas,232,610,197,1039,0.223,0.587,0.19,FY21_detention-stats_0414.xlsx
2021-04-10,denver,606,70,771,1447,0.419,0.048,0.533,FY21_detention-stats_0414.xlsx
2021-04-10,detroit,5060,407,2449,7916,0.639,0.051,0.309,FY21_detention-stats_0414.xlsx
2021-04-10,el paso,208,957,625,1790,0.116,0.535,0.349,FY21_detention-stats_0414.xlsx
2021-04-10,houston,639,2281,32,2952,0.216,0.773,0.011,FY21_detention-stats_0414.xlsx
2021-04-10,los angeles,946,3701,5830,10477,0.09,0.353,0.556,FY21_detention-stats_0414.xlsx
2021-04-10,miami,2114,4292,160,6566,0.322,0.654,0.024,FY21_detention-stats_0414.xlsx
2021-04-10,new orleans,1265,1261,340,2866,0.441,0.44,0.119,FY21_detention-stats_0414.xlsx
2021-04-10,new york,613,1664,1598,3875,0.158,0.429,0.412,FY21_detention-stats_0414.xlsx
2021-04-10,newark,3946,1043,2115,7104,0.555,0.147,0.298,FY21_detention-stats_0414.xlsx
2021-04-10,philadelphia,1407,370,391,2168,0.649,0.171,0.18,FY21_detention-stats_0414.xlsx
2021-04-10,phoenix,217,1283,23,1523,0.142,0.842,0.015,FY21_detention-stats_0414.xlsx
2021-04-10,salt lake city,2224,294,516,3034,0.733,0.097,0.17,FY21_detention-stats_0414.xlsx
2021-04-10,san antonio,490,2942,526,3958,0.124,0.743,0.133,FY21_detention-stats_0414.xlsx
2021-04-10,san diego,1274,1390,807,3471,0.367,0.4,0.232,FY21_detention-stats_0414.xlsx
2021-04-10,san francisco,1488,3506,5578,10572,0.141,0.332,0.528,FY21_detention-stats_0414.xlsx
2021-04-10,seattle,1611,681,1524,3816,0.422,0.178,0.399,FY21_detention-stats_0414.xlsx
2021-04-10,st paul,926,396,985,2307,0.401,0.172,0.427,FY21_detention-stats_0414.xlsx
2021-04-10,washington dc,1590,932,214,2736,0.581,0.341,0.078,FY21_detention-stats_0414.xlsx
2021-04-24,atlanta,734,943,1359,3036,0.242,0.311,0.448,FY21_detentionStats210503.xlsx
2021-04-24,baltimore,175,982,638,1795,0.097,0.547,0.355,FY21_detentionStats210503.xlsx
2021-04-24,boston,801,1127,134,2062,0.388,0.547,0.065,FY21_detentionStats210503.xlsx
2021-04-24,buffalo,19,40,376,435,0.044,0.092,0.864,FY21_detentionStats210503.xlsx
2021-04-24,chicago,2633,1600,2426,6659,0.395,0.24,0.364,FY21_detentionStats210503.xlsx
2021-04-24,dallas,245,630,202,1077,0.227,0.585,0.188,FY21_detentionStats210503.xlsx
2021-04-24,denver,659,69,758,1486,0.443,0.046,0.51,FY21_detentionStats210503.xlsx
2021-04-24,detroit,5161,389,2388,7938,0.65,0.049,0.301,FY21_detentionStats210503.xlsx
2021-04-24,el paso,502,906,631,2039,0.246,0.444,0.309,FY21_detentionStats210503.xlsx
2021-04-24,houston,623,2403,26,3052,0.204,0.787,0.009,FY21_detentionStats210503.xlsx
2021-04-24,los angeles,994,3809,5824,10627,0.094,0.358,0.548,FY21_detentionStats210503.xlsx
2021-04-24,miami,2267,4171,151,6589,0.344,0.633,0.023,FY21_detentionStats210503.xlsx
2021-04-24,new orleans,1350,1191,327,2868,0.471,0.415,0.114,FY21_detentionStats210503.xlsx
2021-04-24,new york,673,1713,1586,3972,0.169,0.431,0.399,FY21_detentionStats210503.xlsx
2021-04-24,newark,4080,979,2106,7165,0.569,0.137,0.294,FY21_detentionStats210503.xlsx
2021-04-24,philadelphia,1481,342,396,2219,0.667,0.154,0.178,FY21_detentionStats210503.xlsx
2021-04-24,phoenix,386,1137,24,1547,0.25,0.735,0.016,FY21_detentionStats210503.xlsx
2021-04-24,salt lake city,2212,311,520,3043,0.727,0.102,0.171,FY21_detentionStats210503.xlsx
2021-04-24,san antonio,513,3393,541,4447,0.115,0.763,0.122,FY21_detentionStats210503.xlsx
2021-04-24,san diego,1293,1450,802,3545,0.365,0.409,0.226,FY21_detentionStats210503.xlsx
2021-04-24,san francisco,1659,3355,5615,10629,0.156,0.316,0.528,FY21_detentionStats210503.xlsx
2021-04-24,seattle,1737,577,1515,3829,0.454,0.151,0.396,FY21_detentionStats210503.xlsx
2021-04-24,st paul,935,426,984,2345,0.399,0.182,0.42,FY21_detentionStats210503.xlsx
2021-04-24,washington dc,1662,895,199,2756,0.603,0.325,0.072,FY21_detentionStats210503.xlsx
2021-05-08,atlanta,859,955,1282,3096,0.277,0.308,0.414,FY21_detentionStats210513.xlsx
2021-05-08,baltimore,202,941,624,1767,0.114,0.533,0.353,FY21_detentionStats210513.xlsx
2021-05-08,boston,724,1194,137,2055,0.352,0.581,0.067,FY21_detentionStats210513.xlsx
2021-05-08,buffalo,19,37,380,436,0.044,0.085,0.872,FY21_detentionStats210513.xlsx
2021-05-08,chicago,2768,1552,2408,6728,0.411,0.231,0.358,FY21_detentionStats210513.xlsx
2021-05-08,dallas,258,674,201,1133,0.228,0.595,0.177,FY21_detentionStats210513.xlsx
2021-05-08,denver,698,72,747,1517,0.46,0.047,0.492,FY21_detentionStats210513.xlsx
2021-05-08,detroit,5254,365,2333,7952,0.661,0.046,0.293,FY21_detentionStats210513.xlsx
2021-05-08,el paso,972,943,635,2550,0.381,0.37,0.249,FY21_detentionStats210513.xlsx
2021-05-08,houston,549,2450,29,3028,0.181,0.809,0.01,FY21_detentionStats210513.xlsx
2021-05-08,los angeles,1060,3793,5840,10693,0.099,0.355,0.546,FY21_detentionStats210513.xlsx
2021-05-08,miami,2321,4443,153,6917,0.336,0.642,0.022,FY21_detentionStats210513.xlsx
2021-05-08,new orleans,1365,1192,323,2880,0.474,0.414,0.112,FY21_detentionStats210513.xlsx
2021-05-08,new york,717,1842,1569,4128,0.174,0.446,0.38,FY21_detentionStats210513.xlsx
2021-05-08,newark,3974,1174,2102,7250,0.548,0.162,0.29,FY21_detentionStats210513.xlsx
2021-05-08,philadelphia,1531,311,398,2240,0.683,0.139,0.178,FY21_detentionStats210513.xlsx
2021-05-08,phoenix,501,1040,23,1564,0.32,0.665,0.015,FY21_detentionStats210513.xlsx
2021-05-08,salt lake city,2224,322,515,3061,0.727,0.105,0.168,FY21_detentionStats210513.xlsx
2021-05-08,san antonio,791,2957,584,4332,0.183,0.683,0.135,FY21_detentionStats210513.xlsx
2021-05-08,san diego,1309,1475,791,3575,0.366,0.413,0.221,FY21_detentionStats210513.xlsx
2021-05-08,san francisco,1827,3200,5641,10668,0.171,0.3,0.529,FY21_detentionStats210513.xlsx
2021-05-08,seattle,1857,465,1506,3828,0.485,0.121,0.393,FY21_detentionStats210513.xlsx
2021-05-08,st paul,940,452,990,2382,0.395,0.19,0.416,FY21_detentionStats210513.xlsx
2021-05-08,washington dc,1725,879,190,2794,0.617,0.315,0.068,FY21_detentionStats210513.xlsx
2021-06-19,atlanta,1247,890,1225,3362,0.371,0.265,0.364,FY21_detentionStats062421.xlsx
2021-06-19,baltimore,314,845,596,1755,0.179,0.481,0.34,FY21_detentionStats062421.xlsx
2021-06-19,boston,803,1309,119,2231,0.36,0.587,0.053,FY21_detentionStats062421.xlsx
2021-06-19,buffalo,19,56,376,451,0.042,0.124,0.834,FY21_detentionStats062421.xlsx
2021-06-19,chicago,3377,1259,2351,6987,0.483,0.18,0.336,FY21_detentionStats062421.xlsx
2021-06-19,dallas,306,781,197,1284,0.238,0.608,0.153,FY21_detentionStats062421.xlsx
2021-06-19,denver,913,97,673,1683,0.542,0.058,0.4,FY21_detentionStats062421.xlsx
2021-06-19,detroit,5534,247,2197,7978,0.694,0.031,0.275,FY21_detentionStats062421.xlsx
2021-06-19,el paso,1583,1152,651,3386,0.468,0.34,0.192,FY21_detentionStats062421.xlsx
2021-06-19,houston,553,2725,30,3308,0.167,0.824,0.009,FY21_detentionStats062421.xlsx
2021-06-19,los angeles,1327,3481,5813,10621,0.125,0.328,0.547,FY21_detentionStats062421.xlsx
2021-06-19,miami,2891,4522,157,7570,0.382,0.597,0.021,FY21_detentionStats062421.xlsx
2021-06-19,new orleans,1500,1099,340,2939,0.51,0.374,0.116,FY21_detentionStats062421.xlsx
2021-06-19,new york,778,2057,1369,4204,0.185,0.489,0.326,FY21_detentionStats062421.xlsx
2021-06-19,newark,3949,1538,2077,7564,0.522,0.203,0.275,FY21_detentionStats062421.xlsx
2021-06-19,philadelphia,1783,201,371,2355,0.757,0.085,0.158,FY21_detentionStats062421.xlsx
2021-06-19,phoenix,1148,1288,27,2463,0.466,0.523,0.011,FY21_detentionStats062421.xlsx
2021-06-19,salt lake city,2310,339,496,3145,0.734,0.108,0.158,FY21_detentionStats062421.xlsx
2021-06-19,san antonio,1264,4429,732,6425,0.197,0.689,0.114,FY21_detentionStats062421.xlsx
2021-06-19,san diego,1389,1636,787,3812,0.364,0.429,0.206,FY21_detentionStats062421.xlsx
2021-06-19,san francisco,2275,2977,5740,10992,0.207,0.271,0.522,FY21_detentionStats062421.xlsx
2021-06-19,seattle,2012,361,1468,3841,0.524,0.094,0.382,FY21_detentionStats062421.xlsx
2021-06-19,st paul,1092,415,979,2486,0.439,0.167,0.394,FY21_detentionStats062421.xlsx
2021-06-19,washington dc,2157,770,164,3091,0.698,0.249,0.053,FY21_detentionStats062421.xlsx
2021-07-03,atlanta,1387,869,1209,3465,0.4,0.251,0.349,FY21_detentionStats07082021.xlsx
2021-07-03,baltimore,530,801,428,1759,0.301,0.455,0.243,FY21_detentionStats07082021.xlsx
2021-07-03,boston,808,1266,141,2215,0.365,0.572,0.064,FY21_detentionStats07082021.xlsx
2021-07-03,buffalo,23,55,379,457,0.05,0.12,0.829,FY21_detentionStats07082021.xlsx
2021-07-03,chicago,3544,1246,2338,7128,0.497,0.175,0.328,FY21_detentionStats07082021.xlsx
2021-07-03,dallas,321,816,191,1328,0.242,0.614,0.144,FY21_detentionStats07082021.xlsx
2021-07-03,denver,979,92,672,1743,0.562,0.053,0.386,FY21_detentionStats07082021.xlsx
2021-07-03,detroit,5548,238,2142,7928,0.7,0.03,0.27,FY21_detentionStats07082021.xlsx
2021-07-03,el paso,1577,1277,656,3510,0.449,0.364,0.187,FY21_detentionStats07082021.xlsx
2021-07-03,houston,530,2622,30,3182,0.167,0.824,0.009,FY21_detentionStats07082021.xlsx
2021-07-03,los angeles,1433,3388,5821,10642,0.135,0.318,0.547,FY21_detentionStats07082021.xlsx
2021-07-03,miami,3103,4525,173,7801,0.398,0.58,0.022,FY21_detentionStats07082021.xlsx
2021-07-03,new orleans,1570,1030,364,2964,0.53,0.348,0.123,FY21_detentionStats07082021.xlsx
2021-07-03,new york,867,2141,1325,4333,0.2,0.494,0.306,FY21_detentionStats07082021.xlsx
2021-07-03,newark,3986,1653,2090,7729,0.516,0.214,0.27,FY21_detentionStats07082021.xlsx
2021-07-03,philadelphia,1851,183,349,2383,0.777,0.077,0.146,FY21_detentionStats07082021.xlsx
2021-07-03,phoenix,1390,1336,24,2750,0.505,0.486,0.009,FY21_detentionStats07082021.xlsx
2021-07-03,salt lake city,2351,348,492,3191,0.737,0.109,0.154,FY21_detentionStats07082021.xlsx
2021-07-03,san antonio,1187,4806,847,6840,0.174,0.703,0.124,FY21_detentionStats07082021.xlsx
2021-07-03,san diego,1433,1845,785,4063,0.353,0.454,0.193,FY21_detentionStats07082021.xlsx
2021-07-03,san francisco,2467,2877,5766,11110,0.222,0.259,0.519,FY21_detentionStats07082021.xlsx
2021-07-03,seattle,2056,339,1463,3858,0.533,0.088,0.379,FY21_detentionStats07082021.xlsx
2021-07-03,st paul,1128,405,967,2500,0.451,0.162,0.387,FY21_detentionStats07082021.xlsx
2021-07-03,washington dc,2296,746,159,3201,0.717,0.233,0.05,FY21_detentionStats07082021.xlsx
2021-07-31,atlanta,1783,581,1230,3594,0.496,0.162,0.342,FY21_detentionStats08062021.xlsx
2021-07-31,baltimore,835,645,428,1908,0.438,0.338,0.224,FY21_detentionStats08062021.xlsx
2021-07-31,boston,1022,961,118,2101,0.486,0.457,0.056,FY21_detentionStats08062021.xlsx
2021-07-31,buffalo,35,34,402,471,0.074,0.072,0.854,FY21_detentionStats08062021.xlsx
2021-07-31,chicago,4001,1147,2344,7492,0.534,0.153,0.313,FY21_detentionStats08062021.xlsx
2021-07-31,dallas,465,729,167,1361,0.342,0.536,0.123,FY21_detentionStats08062021.xlsx
2021-07-31,denver,1112,147,637,1896,0.586,0.078,0.336,FY21_detentionStats08062021.xlsx
2021-07-31,detroit,5785,157,2014,7956,0.727,0.02,0.253,FY21_detentionStats08062021.xlsx
2021-07-31,el paso,1898,1840,701,4439,0.428,0.415,0.158,FY21_detentionStats08062021.xlsx
2021-07-31,houston,1367,1898,28,3293,0.415,0.576,0.009,FY21_detentionStats08062021.xlsx
2021-07-31,los angeles,1965,3010,5878,10853,0.181,0.277,0.542,FY21_detentionStats08062021.xlsx
2021-07-31,miami,4187,3248,147,7582,0.552,0.428,0.019,FY21_detentionStats08062021.xlsx
2021-07-31,new orleans,1972,456,377,2805,0.703,0.163,0.134,FY21_detentionStats08062021.xlsx
2021-07-31,new york,1262,2146,1249,4657,0.271,0.461,0.268,FY21_detentionStats08062021.xlsx
2021-07-31,newark,4633,1607,2062,8302,0.558,0.194,0.248,FY21_detentionStats08062021.xlsx
2021-07-31,philadelphia,1992,131,318,2441,0.816,0.054,0.13,FY21_detentionStats08062021.xlsx
2021-07-31,phoenix,1712,1425,25,3162,0.541,0.451,0.008,FY21_detentionStats08062021.xlsx
2021-07-31,salt lake city,2431,316,487,3234,0.752,0.098,0.151,FY21_detentionStats08062021.xlsx
2021-07-31,san antonio,1747,5359,897,8003,0.218,0.67,0.112,FY21_detentionStats08062021.xlsx
2021-07-31,san diego,1875,2591,765,5231,0.358,0.495,0.146,FY21_detentionStats08062021.xlsx
2021-07-31,san francisco,3087,2527,5834,11448,0.27,0.221,0.51,FY21_detentionStats08062021.xlsx
2021-07-31,seattle,2200,319,1433,3952,0.557,0.081,0.363,FY21_detentionStats08062021.xlsx
2021-07-31,st paul,1336,297,951,2584,0.517,0.115,0.368,FY21_detentionStats08062021.xlsx
2021-07-31,washington dc,2793,555,143,3491,0.8,0.159,0.041,FY21_detentionStats08062021.xlsx
2021-08-14,atlanta,1897,577,1230,3704,0.512,0.156,0.332,FY21_detentionStats08242021.xlsx
2021-08-14,baltimore,962,573,426,1961,0.491,0.292,0.217,FY21_detentionStats08242021.xlsx
2021-08-14,boston,1186,1342,125,2653,0.447,0.506,0.047,FY21_detentionStats08242021.xlsx
2021-08-14,buffalo,38,33,409,480,0.079,0.069,0.852,FY21_detentionStats08242021.xlsx
2021-08-14,chicago,4180,1210,2343,7733,0.541,0.156,0.303,FY21_detentionStats08242021.xlsx
2021-08-14,dallas,531,806,167,1504,0.353,0.536,0.111,FY21_detentionStats08242021.xlsx
2021-08-14,denver,1195,142,626,1963,0.609,0.072,0.319,FY21_detentionStats08242021.xlsx
2021-08-14,detroit,5804,167,1947,7918,0.733,0.021,0.246,FY21_detentionStats08242021.xlsx
2021-08-14,el paso,2045,2125,701,4871,0.42,0.436,0.144,FY21_detentionStats08242021.xlsx
2021-08-14,houston,1495,1874,29,3398,0.44,0.552,0.009,FY21_detentionStats08242021.xlsx
2021-08-14,los angeles,2118,3173,5842,11133,0.19,0.285,0.525,FY21_detentionStats08242021.xlsx
2021-08-14,miami,4333,3475,140,7948,0.545,0.437,0.018,FY21_detentionStats08242021.xlsx
2021-08-14,new orleans,2021,470,380,2871,0.704,0.164,0.132,FY21_detentionStats08242021.xlsx
2021-08-14,new york,1449,2207,1232,4888,0.296,0.452,0.252,FY21_detentionStats08242021.xlsx
2021-08-14,newark,4773,1818,2056,8647,0.552,0.21,0.238,FY21_detentionStats08242021.xlsx
2021-08-14,philadelphia,2048,134,295,2477,0.827,0.054,0.119,FY21_detentionStats08242021.xlsx
2021-08-14,phoenix,1932,1683,23,3638,0.531,0.463,0.006,FY21_detentionStats08242021.xlsx
2021-08-14,salt lake city,2492,350,483,3325,0.749,0.105,0.145,FY21_detentionStats08242021.xlsx
2021-08-14,san antonio,2050,6204,906,9160,0.224,0.677,0.099,FY21_detentionStats08242021.xlsx
2021-08-14,san diego,2104,2688,755,5547,0.379,0.485,0.136,FY21_detentionStats08242021.xlsx
2021-08-14,san francisco,3255,2496,5841,11592,0.281,0.215,0.504,FY21_detentionStats08242021.xlsx
2021-08-14,seattle,2306,383,1367,4056,0.569,0.094,0.337,FY21_detentionStats08242021.xlsx
2021-08-14,st paul,1360,281,945,2586,0.526,0.109,0.365,FY21_detentionStats08242021.xlsx
2021-08-14,washington dc,2951,537,141,3629,0.813,0.148,0.039,FY21_detentionStats08242021.xlsx
2021-09-11,atlanta,2162,573,1256,3991,0.542,0.144,0.315,FY21_detentionStats09162021.xlsx
2021-09-11,baltimore,1088,457,443,1988,0.547,0.23,0.223,FY21_detentionStats09162021.xlsx
2021-09-11,boston,1842,1090,111,3043,0.605,0.358,0.036,FY21_detentionStats09162021.xlsx
2021-09-11,buffalo,47,36,423,506,0.093,0.071,0.836,FY21_detentionStats09162021.xlsx
2021-09-11,chicago,4541,1147,2342,8030,0.566,0.143,0.292,FY21_detentionStats09162021.xlsx
2021-09-11,dallas,935,646,153,1734,0.539,0.373,0.088,FY21_detentionStats09162021.xlsx
2021-09-11,denver,1494,15,608,2117,0.706,0.007,0.287,FY21_detentionStats09162021.xlsx
2021-09-11,detroit,5971,168,1877,8016,0.745,0.021,0.234,FY21_detentionStats09162021.xlsx
2021-09-11,el paso,1982,2145,702,4829,0.41,0.444,0.145,FY21_detentionStats09162021.xlsx
2021-09-11,houston,1595,1512,20,3127,0.51,0.484,0.006,FY21_detentionStats09162021.xlsx
2021-09-11,los angeles,3049,2272,5778,11099,0.275,0.205,0.521,FY21_detentionStats09162021.xlsx
2021-09-11,miami,5577,2890,145,8612,0.648,0.336,0.017,FY21_detentionStats09162021.xlsx
2021-09-11,new orleans,2288,385,384,3057,0.748,0.126,0.126,FY21_detentionStats09162021.xlsx
2021-09-11,new york,2511,1600,1129,5240,0.479,0.305,0.215,FY21_detentionStats09162021.xlsx
2021-09-11,newark,6148,1404,2059,9611,0.64,0.146,0.214,FY21_detentionStats09162021.xlsx
2021-09-11,philadelphia,2163,127,278,2568,0.842,0.049,0.108,FY21_detentionStats09162021.xlsx
2021-09-11,phoenix,2428,1926,25,4379,0.554,0.44,0.006,FY21_detentionStats09162021.xlsx
2021-09-11,salt lake city,2681,293,467,3441,0.779,0.085,0.136,FY21_detentionStats09162021.xlsx
2021-09-11,san antonio,5940,7009,999,13948,0.426,0.503,0.072,FY21_detentionStats09162021.xlsx
2021-09-11,san diego,2395,2829,735,5959,0.402,0.475,0.123,FY21_detentionStats09162021.xlsx
2021-09-11,san francisco,4373,1644,5890,11907,0.367,0.138,0.495,FY21_detentionStats09162021.xlsx
2021-09-11,seattle,2542,302,1339,4183,0.608,0.072,0.32,FY21_detentionStats09162021.xlsx
2021-09-11,st paul,1448,257,936,2641,0.548,0.097,0.354,FY21_detentionStats09162021.xlsx
2021-09-11,washington dc,812,99,62,973,0.835,0.102,0.064,FY21_detentionStats09162021.xlsx
2021-12-18,atlanta,3110,626,915,4651,0.669,0.135,0.197,FY22_detentionStats01102022.xlsx
2021-12-18,baltimore,1555,293,433,2281,0.682,0.128,0.19,FY22_detentionStats01102022.xlsx
2021-12-18,boston,4052,1798,79,5929,0.683,0.303,0.013,FY22_detentionStats01102022.xlsx
2021-12-18,buffalo,65,43,461,569,0.114,0.076,0.81,FY22_detentionStats01102022.xlsx
2021-12-18,chicago,6000,745,2308,9053,0.663,0.082,0.255,FY22_detentionStats01102022.xlsx
2021-12-18,dallas,2484,249,76,2809,0.884,0.089,0.027,FY22_detentionStats01102022.xlsx
2021-12-18,denver,2210,22,549,2781,0.795,0.008,0.197,FY22_detentionStats01102022.xlsx
2021-12-18,detroit,6665,170,1625,8460,0.788,0.02,0.192,FY22_detentionStats01102022.xlsx
2021-12-18,el paso,2477,4414,1170,8061,0.307,0.548,0.145,FY22_detentionStats01102022.xlsx
2021-12-18,harlingen,6038,4226,1437,11701,0.516,0.361,0.123,FY22_detentionStats01102022.xlsx
2021-12-18,houston,1825,1434,21,3280,0.556,0.437,0.006,FY22_detentionStats01102022.xlsx
2021-12-18,los angeles,4576,1909,5440,11925,0.384,0.16,0.456,FY22_detentionStats01102022.xlsx
2021-12-18,miami,8881,2002,150,11033,0.805,0.181,0.014,FY22_detentionStats01102022.xlsx
2021-12-18,new orleans,2821,242,252,3315,0.851,0.073,0.076,FY22_detentionStats01102022.xlsx
2021-12-18,new york,5419,559,457,6435,0.842,0.087,0.071,FY22_detentionStats01102022.xlsx
2021-12-18,newark,9404,827,1976,12207,0.77,0.068,0.162,FY22_detentionStats01102022.xlsx
2021-12-18,philadelphia,3201,103,181,3485,0.919,0.03,0.052,FY22_detentionStats01102022.xlsx
2021-12-18,phoenix,2184,3049,520,5753,0.38,0.53,0.09,FY22_detentionStats01102022.xlsx
2021-12-18,salt lake city,3446,272,370,4088,0.843,0.067,0.091,FY22_detentionStats01102022.xlsx
2021-12-18,san antonio,4907,3033,1820,9760,0.503,0.311,0.186,FY22_detentionStats01102022.xlsx
2021-12-18,san diego,1851,2155,611,4617,0.401,0.467,0.132,FY22_detentionStats01102022.xlsx
2021-12-18,san francisco,5746,1455,5523,12724,0.452,0.114,0.434,FY22_detentionStats01102022.xlsx
2021-12-18,seattle,3622,313,1186,5121,0.707,0.061,0.232,FY22_detentionStats01102022.xlsx
2021-12-18,st paul,1673,290,873,2836,0.59,0.102,0.308,FY22_detentionStats01102022.xlsx
2021-12-18,washington dc,4290,476,121,4887,0.878,0.097,0.025,FY22_detentionStats01102022.xlsx
2022-02-12,atlanta,3194,613,816,4623,0.691,0.133,0.177,FY22_detentionStats_02162022.xlsx
2022-02-12,baltimore,1777,177,418,2372,0.749,0.075,0.176,FY22_detentionStats_02162022.xlsx
2022-02-12,boston,4875,2179,64,7118,0.685,0.306,0.009,FY22_detentionStats_02162022.xlsx
2022-02-12,buffalo,69,27,505,601,0.115,0.045,0.84,FY22_detentionStats_02162022.xlsx
2022-02-12,chicago,6783,601,2282,9666,0.702,0.062,0.236,FY22_detentionStats_02162022.xlsx
2022-02-12,dallas,2406,264,75,2745,0.877,0.096,0.027,FY22_detentionStats_02162022.xlsx
2022-02-12,denver,2535,23,522,3080,0.823,0.007,0.169,FY22_detentionStats_02162022.xlsx
2022-02-12,detroit,6720,191,1551,8462,0.794,0.023,0.183,FY22_detentionStats_02162022.xlsx
2022-02-12,el paso,5245,2350,1135,8730,0.601,0.269,0.13,FY22_detentionStats_02162022.xlsx
2022-02-12,harlingen,10340,3774,1956,16070,0.643,0.235,0.122,FY22_detentionStats_02162022.xlsx
2022-02-12,houston,1939,1375,16,3330,0.582,0.413,0.005,FY22_detentionStats_02162022.xlsx
2022-02-12,los angeles,5641,1794,5624,13059,0.432,0.137,0.431,FY22_detentionStats_02162022.xlsx
2022-02-12,miami,10444,2412,188,13044,0.801,0.185,0.014,FY22_detentionStats_02162022.xlsx
2022-02-12,new orleans,2842,208,226,3276,0.868,0.063,0.069,FY22_detentionStats_02162022.xlsx
2022-02-12,new york,6536,453,466,7455,0.877,0.061,0.063,FY22_detentionStats_02162022.xlsx
2022-02-12,newark,10628,590,1935,13153,0.808,0.045,0.147,FY22_detentionStats_02162022.xlsx
2022-02-12,philadelphia,3803,58,182,4043,0.941,0.014,0.045,FY22_detentionStats_02162022.xlsx
2022-02-12,phoenix,3430,5188,5688,14306,0.24,0.363,0.398,FY22_detentionStats_02162022.xlsx
2022-02-12,salt lake city,3719,207,378,4304,0.864,0.048,0.088,FY22_detentionStats_02162022.xlsx
2022-02-12,san antonio,5387,2973,2662,11022,0.489,0.27,0.242,FY22_detentionStats_02162022.xlsx
2022-02-12,san diego,3440,1034,1099,5573,0.617,0.186,0.197,FY22_detentionStats_02162022.xlsx
2022-02-12,san francisco,6612,1280,5487,13379,0.494,0.096,0.41,FY22_detentionStats_02162022.xlsx
2022-02-12,seattle,3970,272,1144,5386,0.737,0.051,0.212,FY22_detentionStats_02162022.xlsx
2022-02-12,st paul,1706,289,847,2842,0.6,0.102,0.298,FY22_detentionStats_02162022.xlsx
2022-02-12,washington dc,4407,461,100,4968,0.887,0.093,0.02,FY22_detentionStats_02162022.xlsx
2022-02-26,atlanta,3290,603,804,4697,0.7,0.128,0.171,FY22_detentionStats_03022022.xlsx
2022-02-26,baltimore,1874,121,413,2408,0.778,0.05,0.172,FY22_detentionStats_03022022.xlsx
2022-02-26,boston,5116,2016,76,7208,0.71,0.28,0.011,FY22_detentionStats_03022022.xlsx
2022-02-26,buffalo,66,33,517,616,0.107,0.054,0.839,FY22_detentionStats_03022022.xlsx
2022-02-26,chicago,7088,587,2276,9951,0.712,0.059,0.229,FY22_detentionStats_03022022.xlsx
2022-02-26,dallas,2372,257,73,2702,0.878,0.095,0.027,FY22_detentionStats_03022022.xlsx
2022-02-26,denver,2635,20,511,3166,0.832,0.006,0.161,FY22_detentionStats_03022022.xlsx
2022-02-26,detroit,6810,180,1520,8510,0.8,0.021,0.179,FY22_detentionStats_03022022.xlsx
2022-02-26,el paso,6641,2007,1073,9721,0.683,0.206,0.11,FY22_detentionStats_03022022.xlsx
2022-02-26,harlingen,12018,3279,1827,17124,0.702,0.191,0.107,FY22_detentionStats_03022022.xlsx
2022-02-26,houston,1992,1245,17,3254,0.612,0.383,0.005,FY22_detentionStats_03022022.xlsx
2022-02-26,los angeles,6093,1842,5561,13496,0.451,0.136,0.412,FY22_detentionStats_03022022.xlsx
2022-02-26,miami,10948,2476,207,13631,0.803,0.182,0.015,FY22_detentionStats_03022022.xlsx
2022-02-26,new orleans,2858,162,215,3235,0.883,0.05,0.066,FY22_detentionStats_03022022.xlsx
2022-02-26,new york,7119,405,445,7969,0.893,0.051,0.056,FY22_detentionStats_03022022.xlsx
2022-02-26,newark,10899,555,1926,13380,0.815,0.041,0.144,FY22_detentionStats_03022022.xlsx
2022-02-26,philadelphia,4056,59,181,4296,0.944,0.014,0.042,FY22_detentionStats_03022022.xlsx
2022-02-26,phoenix,4240,6936,4903,16079,0.264,0.431,0.305,FY22_detentionStats_03022022.xlsx
2022-02-26,salt lake city,3819,197,377,4393,0.869,0.045,0.086,FY22_detentionStats_03022022.xlsx
2022-02-26,san antonio,6036,2680,2731,11447,0.527,0.234,0.239,FY22_detentionStats_03022022.xlsx
2022-02-26,san diego,3637,885,950,5472,0.665,0.162,0.174,FY22_detentionStats_03022022.xlsx
2022-02-26,san francisco,6921,1237,5467,13625,0.508,0.091,0.401,FY22_detentionStats_03022022.xlsx
2022-02-26,seattle,4081,247,1130,5458,0.748,0.045,0.207,FY22_detentionStats_03022022.xlsx
2022-02-26,st paul,1731,260,844,2835,0.611,0.092,0.298,FY22_detentionStats_03022022.xlsx
2022-02-26,washington dc,4504,457,93,5054,0.891,0.09,0.018,FY22_detentionStats_03022022.xlsx
2022-03-12,atlanta,3326,571,798,4695,0.708,0.122,0.17,FY22_detentionStats03172022b.xlsx
2022-03-12,baltimore,1955,109,409,2473,0.791,0.044,0.165,FY22_detentionStats03172022b.xlsx
2022-03-12,boston,5402,1841,81,7324,0.738,0.251,0.011,FY22_detentionStats03172022b.xlsx
2022-03-12,buffalo,78,37,514,629,0.124,0.059,0.817,FY22_detentionStats03172022b.xlsx
2022-03-12,chicago,7351,569,2271,10191,0.721,0.056,0.223,FY22_detentionStats03172022b.xlsx
2022-03-12,dallas,2352,247,71,2670,0.881,0.093,0.027,FY22_detentionStats03172022b.xlsx
2022-03-12,denver,2739,22,487,3248,0.843,0.007,0.15,FY22_detentionStats03172022b.xlsx
2022-03-12,detroit,6835,170,1479,8484,0.806,0.02,0.174,FY22_detentionStats03172022b.xlsx
2022-03-12,el paso,7449,1791,910,10150,0.734,0.176,0.09,FY22_detentionStats03172022b.xlsx
2022-03-12,harlingen,11595,3229,1045,15869,0.731,0.203,0.066,FY22_detentionStats03172022b.xlsx
2022-03-12,houston,2033,1273,19,3325,0.611,0.383,0.006,FY22_detentionStats03172022b.xlsx
2022-03-12,los angeles,6852,1740,5523,14115,0.485,0.123,0.391,FY22_detentionStats03172022b.xlsx
2022-03-12,miami,11264,2329,217,13810,0.816,0.169,0.016,FY22_detentionStats03172022b.xlsx
2022-03-12,new orleans,2974,139,205,3318,0.896,0.042,0.062,FY22_detentionStats03172022b.xlsx
2022-03-12,new york,7441,375,431,8247,0.902,0.045,0.052,FY22_detentionStats03172022b.xlsx
2022-03-12,newark,11207,483,1919,13609,0.823,0.035,0.141,FY22_detentionStats03172022b.xlsx
2022-03-12,philadelphia,4269,56,173,4498,0.949,0.012,0.038,FY22_detentionStats03172022b.xlsx
2022-03-12,phoenix,5572,7402,1961,14935,0.373,0.496,0.131,FY22_detentionStats03172022b.xlsx
2022-03-12,salt lake city,3955,173,386,4514,0.876,0.038,0.086,FY22_detentionStats03172022b.xlsx
2022-03-12,san antonio,7735,2294,2916,12945,0.598,0.177,0.225,FY22_detentionStats03172022b.xlsx
2022-03-12,san diego,4218,735,613,5566,0.758,0.132,0.11,FY22_detentionStats03172022b.xlsx
2022-03-12,san francisco,7276,1190,5437,13903,0.523,0.086,0.391,FY22_detentionStats03172022b.xlsx
2022-03-12,seattle,4218,248,1113,5579,0.756,0.044,0.199,FY22_detentionStats03172022b.xlsx
2022-03-12,st paul,1752,251,838,2841,0.617,0.088,0.295,FY22_detentionStats03172022b.xlsx
2022-03-12,washington dc,4539,424,87,5050,0.899,0.084,0.017,FY22_detentionStats03172022b.xlsx
2022-03-26,atlanta,3392,553,791,4736,0.716,0.117,0.167,FY22_detentionStats_03312022.xlsx
2022-03-26,baltimore,2099,100,386,2585,0.812,0.039,0.149,FY22_detentionStats_03312022.xlsx
2022-03-26,boston,5739,1601,75,7415,0.774,0.216,0.01,FY22_detentionStats_03312022.xlsx
2022-03-26,buffalo,99,27,516,642,0.154,0.042,0.804,FY22_detentionStats_03312022.xlsx
2022-03-26,chicago,7657,517,2267,10441,0.733,0.05,0.217,FY22_detentionStats_03312022.xlsx
2022-03-26,dallas,2340,259,72,2671,0.876,0.097,0.027,FY22_detentionStats_03312022.xlsx
2022-03-26,denver,2802,16,469,3287,0.852,0.005,0.143,FY22_detentionStats_03312022.xlsx
2022-03-26,detroit,6881,157,1456,8494,0.81,0.018,0.171,FY22_detentionStats_03312022.xlsx
2022-03-26,el paso,8559,1491,879,10929,0.783,0.136,0.08,FY22_detentionStats_03312022.xlsx
2022-03-26,harlingen,13031,3358,951,17340,0.751,0.194,0.055,FY22_detentionStats_03312022.xlsx
2022-03-26,houston,1969,1169,23,3161,0.623,0.37,0.007,FY22_detentionStats_03312022.xlsx
2022-03-26,los angeles,7467,1639,5620,14726,0.507,0.111,0.382,FY22_detentionStats_03312022.xlsx
2022-03-26,miami,11641,2018,221,13880,0.839,0.145,0.016,FY22_detentionStats_03312022.xlsx
2022-03-26,new orleans,3073,119,206,3398,0.904,0.035,0.061,FY22_detentionStats_03312022.xlsx
2022-03-26,new york,8033,356,407,8796,0.913,0.04,0.046,FY22_detentionStats_03312022.xlsx
2022-03-26,newark,11430,413,1915,13758,0.831,0.03,0.139,FY22_detentionStats_03312022.xlsx
2022-03-26,philadelphia,4447,49,175,4671,0.952,0.01,0.037,FY22_detentionStats_03312022.xlsx
2022-03-26,phoenix,6499,7625,1951,16075,0.404,0.474,0.121,FY22_detentionStats_03312022.xlsx
2022-03-26,salt lake city,4149,158,383,4690,0.885,0.034,0.082,FY22_detentionStats_03312022.xlsx
2022-03-26,san antonio,10145,1908,3458,15511,0.654,0.123,0.223,FY22_detentionStats_03312022.xlsx
2022-03-26,san diego,4519,617,566,5702,0.793,0.108,0.099,FY22_detentionStats_03312022.xlsx
2022-03-26,san francisco,7624,1075,5391,14090,0.541,0.076,0.383,FY22_detentionStats_03312022.xlsx
2022-03-26,seattle,4322,227,1094,5643,0.766,0.04,0.194,FY22_detentionStats_03312022.xlsx
2022-03-26,st paul,1772,244,836,2852,0.621,0.086,0.293,FY22_detentionStats_03312022.xlsx
2022-03-26,washington dc,4362,404,73,4839,0.901,0.083,0.015,FY22_detentionStats_03312022.xlsx
2022-04-09,atlanta,3427,558,749,4734,0.724,0.118,0.158,FY22_detentionStats04132022.xlsx
2022-04-09,baltimore,2203,106,376,2685,0.82,0.039,0.14,FY22_detentionStats04132022.xlsx
2022-04-09,boston,5903,1403,56,7362,0.802,0.191,0.008,FY22_detentionStats04132022.xlsx
2022-04-09,buffalo,105,24,491,620,0.169,0.039,0.792,FY22_detentionStats04132022.xlsx
2022-04-09,chicago,7812,509,2244,10565,0.739,0.048,0.212,FY22_detentionStats04132022.xlsx
2022-04-09,dallas,2335,245,70,2650,0.881,0.092,0.026,FY22_detentionStats04132022.xlsx
2022-04-09,denver,2890,17,450,3357,0.861,0.005,0.134,FY22_detentionStats04132022.xlsx
2022-04-09,detroit,6945,155,1413,8513,0.816,0.018,0.166,FY22_detentionStats04132022.xlsx
2022-04-09,el paso,10562,1356,862,12780,0.826,0.106,0.067,FY22_detentionStats04132022.xlsx
2022-04-09,harlingen,17512,3717,919,22148,0.791,0.168,0.041,FY22_detentionStats04132022.xlsx
2022-04-09,houston,2065,1134,23,3222,0.641,0.352,0.007,FY22_detentionStats04132022.xlsx
2022-04-09,los angeles,7897,1612,5445,14954,0.528,0.108,0.364,FY22_detentionStats04132022.xlsx
2022-04-09,miami,11998,1961,171,14130,0.849,0.139,0.012,FY22_detentionStats04132022.xlsx
2022-04-09,new orleans,3176,108,202,3486,0.911,0.031,0.058,FY22_detentionStats04132022.xlsx
2022-04-09,new york,8371,325,394,9090,0.921,0.036,0.043,FY22_detentionStats04132022.xlsx
2022-04-09,newark,11612,388,1902,13902,0.835,0.028,0.137,FY22_detentionStats04132022.xlsx
2022-04-09,philadelphia,4603,47,169,4819,0.955,0.01,0.035,FY22_detentionStats04132022.xlsx
2022-04-09,phoenix,8157,8299,2239,18695,0.436,0.444,0.12,FY22_detentionStats04132022.xlsx
2022-04-09,salt lake city,4306,147,376,4829,0.892,0.03,0.078,FY22_detentionStats04132022.xlsx
2022-04-09,san antonio,12977,1614,5534,20125,0.645,0.08,0.275,FY22_detentionStats04132022.xlsx
2022-04-09,san diego,4897,568,572,6037,0.811,0.094,0.095,FY22_detentionStats04132022.xlsx
2022-04-09,san francisco,7850,1038,5370,14258,0.551,0.073,0.377,FY22_detentionStats04132022.xlsx
2022-04-09,seattle,4472,225,1088,5785,0.773,0.039,0.188,FY22_detentionStats04132022.xlsx
2022-04-09,st paul,1795,235,833,2863,0.627,0.082,0.291,FY22_detentionStats04132022.xlsx
2022-04-09,washington dc,4377,397,67,4841,0.904,0.082,0.014,FY22_detentionStats04132022.xlsx
2022-04-23,atlanta,3542,542,698,4782,0.741,0.113,0.146,FY22_detentionStats05042022.xlsx
2022-04-23,baltimore,2292,119,349,2760,0.83,0.043,0.126,FY22_detentionStats05042022.xlsx
2022-04-23,boston,6008,1194,61,7263,0.827,0.164,0.008,FY22_detentionStats05042022.xlsx
2022-04-23,buffalo,116,19,497,632,0.184,0.03,0.786,FY22_detentionStats05042022.xlsx
2022-04-23,chicago,8127,483,2213,10823,0.751,0.045,0.204,FY22_detentionStats05042022.xlsx
2022-04-23,dallas,2402,241,69,2712,0.886,0.089,0.025,FY22_detentionStats05042022.xlsx
2022-04-23,denver,3006,22,422,3450,0.871,0.006,0.122,FY22_detentionStats05042022.xlsx
2022-04-23,detroit,7103,155,1372,8630,0.823,0.018,0.159,FY22_detentionStats05042022.xlsx
2022-04-23,el paso,12188,1234,895,14317,0.851,0.086,0.063,FY22_detentionStats05042022.xlsx
2022-04-23,harlingen,21098,3080,870,25048,0.842,0.123,0.035,FY22_detentionStats05042022.xlsx
2022-04-23,houston,2043,1095,27,3165,0.645,0.346,0.009,FY22_detentionStats05042022.xlsx
2022-04-23,los angeles,7975,1522,5259,14756,0.54,0.103,0.356,FY22_detentionStats05042022.xlsx
2022-04-23,miami,12398,1933,184,14515,0.854,0.133,0.013,FY22_detentionStats05042022.xlsx
2022-04-23,new orleans,3345,102,201,3648,0.917,0.028,0.055,FY22_detentionStats05042022.xlsx
2022-04-23,new york,8678,305,391,9374,0.926,0.033,0.042,FY22_detentionStats05042022.xlsx
2022-04-23,newark,11806,371,1901,14078,0.839,0.026,0.135,FY22_detentionStats05042022.xlsx
2022-04-23,philadelphia,4818,47,170,5035,0.957,0.009,0.034,FY22_detentionStats05042022.xlsx
2022-04-23,phoenix,9442,7443,2121,19006,0.497,0.392,0.112,FY22_detentionStats05042022.xlsx
2022-04-23,salt lake city,4551,107,366,5024,0.906,0.021,0.073,FY22_detentionStats05042022.xlsx
2022-04-23,san antonio,17100,1433,5467,24000,0.713,0.06,0.228,FY22_detentionStats05042022.xlsx
2022-04-23,san diego,5180,506,559,6245,0.829,0.081,0.09,FY22_detentionStats05042022.xlsx
2022-04-23,san francisco,8138,1052,5359,14549,0.559,0.072,0.368,FY22_detentionStats05042022.xlsx
2022-04-23,seattle,4572,192,1073,5837,0.783,0.033,0.184,FY22_detentionStats05042022.xlsx
2022-04-23,st paul,1869,234,824,2927,0.639,0.08,0.282,FY22_detentionStats05042022.xlsx
2022-04-23,washington dc,4471,396,65,4932,0.907,0.08,0.013,FY22_detentionStats05042022.xlsx
2022-05-07,atlanta,3469,501,650,4620,0.751,0.108,0.141,FY22_detentionStats05242022.xlsx
2022-05-07,baltimore,2411,111,325,2847,0.847,0.039,0.114,FY22_detentionStats05242022.xlsx
2022-05-07,boston,6229,1043,60,7332,0.85,0.142,0.008,FY22_detentionStats05242022.xlsx
2022-05-07,buffalo,116,14,494,624,0.186,0.022,0.792,FY22_detentionStats05242022.xlsx
2022-05-07,chicago,8440,453,2170,11063,0.763,0.041,0.196,FY22_detentionStats05242022.xlsx
2022-05-07,dallas,2565,228,64,2857,0.898,0.08,0.022,FY22_detentionStats05242022.xlsx
2022-05-07,denver,3035,27,404,3466,0.876,0.008,0.117,FY22_detentionStats05242022.xlsx
2022-05-07,detroit,7222,155,1340,8717,0.828,0.018,0.154,FY22_detentionStats05242022.xlsx
2022-05-07,el paso,13723,1121,874,15718,0.873,0.071,0.056,FY22_detentionStats05242022.xlsx
2022-05-07,harlingen,25939,2850,827,29616,0.876,0.096,0.028,FY22_detentionStats05242022.xlsx
2022-05-07,houston,2196,1065,24,3285,0.668,0.324,0.007,FY22_detentionStats05242022.xlsx
2022-05-07,los angeles,8163,1351,5061,14575,0.56,0.093,0.347,FY22_detentionStats05242022.xlsx
2022-05-07,miami,12502,1873,169,14544,0.86,0.129,0.012,FY22_detentionStats05242022.xlsx
2022-05-07,new orleans,3380,95,198,3673,0.92,0.026,0.054,FY22_detentionStats05242022.xlsx
2022-05-07,new york,8825,320,385,9530,0.926,0.034,0.04,FY22_detentionStats05242022.xlsx
2022-05-07,newark,12047,331,1886,14264,0.845,0.023,0.132,FY22_detentionStats05242022.xlsx
2022-05-07,philadelphia,5045,43,162,5250,0.961,0.008,0.031,FY22_detentionStats05242022.xlsx
2022-05-07,phoenix,11075,7325,1858,20258,0.547,0.362,0.092,FY22_detentionStats05242022.xlsx
2022-05-07,salt lake city,4723,95,368,5186,0.911,0.018,0.071,FY22_detentionStats05242022.xlsx
2022-05-07,san antonio,20721,1287,5744,27752,0.747,0.046,0.207,FY22_detentionStats05242022.xlsx
2022-05-07,san diego,5190,459,526,6175,0.84,0.074,0.085,FY22_detentionStats05242022.xlsx
2022-05-07,san francisco,8425,1029,5340,14794,0.569,0.07,0.361,FY22_detentionStats05242022.xlsx
2022-05-07,seattle,4673,196,1064,5933,0.788,0.033,0.179,FY22_detentionStats05242022.xlsx
2022-05-07,st paul,1873,215,815,2903,0.645,0.074,0.281,FY22_detentionStats05242022.xlsx
2022-05-07,washington dc,4519,394,62,4975,0.908,0.079,0.012,FY22_detentionStats05242022.xlsx
2022-06-03,atlanta,3606,486,588,4680,0.771,0.104,0.126,FY22_detentionStats06172022.xlsx
2022-06-03,baltimore,2547,115,301,2963,0.86,0.039,0.102,FY22_detentionStats06172022.xlsx
2022-06-03,boston,6525,792,31,7348,0.888,0.108,0.004,FY22_detentionStats06172022.xlsx
2022-06-03,buffalo,178,15,493,686,0.259,0.022,0.719,FY22_detentionStats06172022.xlsx
2022-06-03,chicago,9024,444,2127,11595,0.778,0.038,0.183,FY22_detentionStats06172022.xlsx
2022-06-03,dallas,2720,219,60,2999,0.907,0.073,0.02,FY22_detentionStats06172022.xlsx
2022-06-03,denver,2872,24,385,3281,0.875,0.007,0.117,FY22_detentionStats06172022.xlsx
2022-06-03,detroit,7288,132,1265,8685,0.839,0.015,0.146,FY22_detentionStats06172022.xlsx
2022-06-03,el paso,15508,896,776,17180,0.903,0.052,0.045,FY22_detentionStats06172022.xlsx
2022-06-03,harlingen,35052,2504,726,38282,0.916,0.065,0.019,FY22_detentionStats06172022.xlsx
2022-06-03,houston,2441,992,23,3456,0.706,0.287,0.007,FY22_detentionStats06172022.xlsx
2022-06-03,los angeles,9000,1127,4983,15110,0.596,0.075,0.33,FY22_detentionStats06172022.xlsx
2022-06-03,miami,12405,1750,315,14470,0.857,0.121,0.022,FY22_detentionStats06172022.xlsx
2022-06-03,new orleans,3440,143,174,3757,0.916,0.038,0.046,FY22_detentionStats06172022.xlsx
2022-06-03,new york,9148,438,365,9951,0.919,0.044,0.037,FY22_detentionStats06172022.xlsx
2022-06-03,newark,12048,322,1925,14295,0.843,0.023,0.135,FY22_detentionStats06172022.xlsx
2022-06-03,philadelphia,5448,32,153,5633,0.967,0.006,0.027,FY22_detentionStats06172022.xlsx
2022-06-03,phoenix,15028,5963,1008,21999,0.683,0.271,0.046,FY22_detentionStats06172022.xlsx
2022-06-03,salt lake city,4977,71,349,5397,0.922,0.013,0.065,FY22_detentionStats06172022.xlsx
2022-06-03,san antonio,30132,1046,6579,37757,0.798,0.028,0.174,FY22_detentionStats06172022.xlsx
2022-06-03,san diego,6889,394,457,7740,0.89,0.051,0.059,FY22_detentionStats06172022.xlsx
2022-06-03,san francisco,8921,1016,5262,15199,0.587,0.067,0.346,FY22_detentionStats06172022.xlsx
2022-06-03,seattle,4871,197,994,6062,0.804,0.032,0.164,FY22_detentionStats06172022.xlsx
2022-06-03,st paul,1925,195,783,2903,0.663,0.067,0.27,FY22_detentionStats06172022.xlsx
2022-06-03,washington dc,4566,383,62,5011,0.911,0.076,0.012,FY22_detentionStats06172022.xlsx
2022-06-20,atlanta,3611,475,557,4643,0.778,0.102,0.12,FY22_detentionStats06272022.xlsx
2022-06-20,baltimore,2592,119,292,3003,0.863,0.04,0.097,FY22_detentionStats06272022.xlsx
2022-06-20,boston,6928,635,18,7581,0.914,0.084,0.002,FY22_detentionStats06272022.xlsx
2022-06-20,buffalo,198,14,494,706,0.28,0.02,0.7,FY22_detentionStats06272022.xlsx
2022-06-20,chicago,9332,400,2080,11812,0.79,0.034,0.176,FY22_detentionStats06272022.xlsx
2022-06-20,dallas,2684,199,59,2942,0.912,0.068,0.02,FY22_detentionStats06272022.xlsx
2022-06-20,denver,2907,25,372,3304,0.88,0.008,0.113,FY22_detentionStats06272022.xlsx
2022-06-20,detroit,7362,111,1237,8710,0.845,0.013,0.142,FY22_detentionStats06272022.xlsx
2022-06-20,el paso,16149,839,756,17744,0.91,0.047,0.043,FY22_detentionStats06272022.xlsx
2022-06-20,harlingen,39615,2225,652,42492,0.932,0.052,0.015,FY22_detentionStats06272022.xlsx
2022-06-20,houston,2498,914,21,3433,0.728,0.266,0.006,FY22_detentionStats06272022.xlsx
2022-06-20,los angeles,9434,1079,4820,15333,0.615,0.07,0.314,FY22_detentionStats06272022.xlsx
2022-06-20,miami,12671,1662,176,14509,0.873,0.115,0.012,FY22_detentionStats06272022.xlsx
2022-06-20,new orleans,3405,145,171,3721,0.915,0.039,0.046,FY22_detentionStats06272022.xlsx
2022-06-20,new york,9260,387,350,9997,0.926,0.039,0.035,FY22_detentionStats06272022.xlsx
2022-06-20,newark,12319,308,1845,14472,0.851,0.021,0.127,FY22_detentionStats06272022.xlsx
2022-06-20,philadelphia,5681,31,147,5859,0.97,0.005,0.025,FY22_detentionStats06272022.xlsx
2022-06-20,phoenix,17039,4853,830,22722,0.75,0.214,0.037,FY22_detentionStats06272022.xlsx
2022-06-20,salt lake city,5192,61,353,5606,0.926,0.011,0.063,FY22_detentionStats06272022.xlsx
2022-06-20,san antonio,34115,956,8193,43264,0.789,0.022,0.189,FY22_detentionStats06272022.xlsx
2022-06-20,san diego,7479,367,435,8281,0.903,0.044,0.053,FY22_detentionStats06272022.xlsx
2022-06-20,san francisco,9310,995,5128,15433,0.603,0.064,0.332,FY22_detentionStats06272022.xlsx
2022-06-20,seattle,4943,206,876,6025,0.82,0.034,0.145,FY22_detentionStats06272022.xlsx
2022-06-20,st paul,1934,185,730,2849,0.679,0.065,0.256,FY22_detentionStats06272022.xlsx
2022-06-20,washington dc,4594,387,61,5042,0.911,0.077,0.012,FY22_detentionStats06272022.xlsx
2022-07-04,atlanta,3689,452,553,4694,0.786,0.096,0.118,FY22_detentionStats07082022.xlsx
2022-07-04,baltimore,2659,120,285,3064,0.868,0.039,0.093,FY22_detentionStats07082022.xlsx
2022-07-04,boston,7196,480,19,7695,0.935,0.062,0.002,FY22_detentionStats07082022.xlsx
2022-07-04,buffalo,215,12,500,727,0.296,0.017,0.688,FY22_detentionStats07082022.xlsx
2022-07-04,chicago,9706,377,2043,12126,0.8,0.031,0.168,FY22_detentionStats07082022.xlsx
2022-07-04,dallas,2600,181,57,2838,0.916,0.064,0.02,FY22_detentionStats07082022.xlsx
2022-07-04,denver,3019,21,367,3407,0.886,0.006,0.108,FY22_detentionStats07082022.xlsx
2022-07-04,detroit,7431,94,1209,8734,0.851,0.011,0.138,FY22_detentionStats07082022.xlsx
2022-07-04,el paso,15720,798,746,17264,0.911,0.046,0.043,FY22_detentionStats07082022.xlsx
2022-07-04,harlingen,40771,2068,936,43775,0.931,0.047,0.021,FY22_detentionStats07082022.xlsx
2022-07-04,houston,2550,835,38,3423,0.745,0.244,0.011,FY22_detentionStats07082022.xlsx
2022-07-04,los angeles,9514,1043,4765,15322,0.621,0.068,0.311,FY22_detentionStats07082022.xlsx
2022-07-04,miami,13024,1575,131,14730,0.884,0.107,0.009,FY22_detentionStats07082022.xlsx
2022-07-04,new orleans,3489,151,174,3814,0.915,0.04,0.046,FY22_detentionStats07082022.xlsx
2022-07-04,new york,9324,361,353,10038,0.929,0.036,0.035,FY22_detentionStats07082022.xlsx
2022-07-04,newark,12451,304,1837,14592,0.853,0.021,0.126,FY22_detentionStats07082022.xlsx
2022-07-04,philadelphia,5875,27,140,6042,0.972,0.004,0.023,FY22_detentionStats07082022.xlsx
2022-07-04,phoenix,17394,4519,863,22776,0.764,0.198,0.038,FY22_detentionStats07082022.xlsx
2022-07-04,salt lake city,5207,57,358,5622,0.926,0.01,0.064,FY22_detentionStats07082022.xlsx
2022-07-04,san antonio,34063,900,11059,46022,0.74,0.02,0.24,FY22_detentionStats07082022.xlsx
2022-07-04,san diego,7564,336,421,8321,0.909,0.04,0.051,FY22_detentionStats07082022.xlsx
2022-07-04,san francisco,9737,970,5094,15801,0.616,0.061,0.322,FY22_detentionStats07082022.xlsx
2022-07-04,seattle,5000,221,852,6073,0.823,0.036,0.14,FY22_detentionStats07082022.xlsx
2022-07-04,st paul,1953,164,715,2832,0.69,0.058,0.252,FY22_detentionStats07082022.xlsx
2022-07-04,washington dc,4643,378,60,5081,0.914,0.074,0.012,FY22_detentionStats07082022.xlsx
2022-07-16,atlanta,3746,424,536,4706,0.796,0.09,0.114,FY22_detentionStats08092022.xlsx
2022-07-16,baltimore,2723,119,274,3116,0.874,0.038,0.088,FY22_detentionStats08092022.xlsx
2022-07-16,boston,7668,329,27,8024,0.956,0.041,0.003,FY22_detentionStats08092022.xlsx
2022-07-16,buffalo,214,14,494,722,0.296,0.019,0.684,FY22_detentionStats08092022.xlsx
2022-07-16,chicago,10050,361,2008,12419,0.809,0.029,0.162,FY22_detentionStats08092022.xlsx
2022-07-16,dallas,2565,150,54,2769,0.926,0.054,0.02,FY22_detentionStats08092022.xlsx
2022-07-16,denver,2987,20,362,3369,0.887,0.006,0.107,FY22_detentionStats08092022.xlsx
2022-07-16,detroit,7482,91,1193,8766,0.854,0.01,0.136,FY22_detentionStats08092022.xlsx
2022-07-16,el paso,15863,740,736,17339,0.915,0.043,0.042,FY22_detentionStats08092022.xlsx
2022-07-16,harlingen,43449,1830,779,46058,0.943,0.04,0.017,FY22_detentionStats08092022.xlsx
2022-07-16,houston,2711,821,27,3559,0.762,0.231,0.008,FY22_detentionStats08092022.xlsx
2022-07-16,los angeles,10067,1003,4724,15794,0.637,0.064,0.299,FY22_detentionStats08092022.xlsx
2022-07-16,miami,13167,1455,131,14753,0.892,0.099,0.009,FY22_detentionStats08092022.xlsx
2022-07-16,new orleans,3502,148,166,3816,0.918,0.039,0.044,FY22_detentionStats08092022.xlsx
2022-07-16,new york,9426,357,350,10133,0.93,0.035,0.035,FY22_detentionStats08092022.xlsx
2022-07-16,newark,12650,293,1823,14766,0.857,0.02,0.123,FY22_detentionStats08092022.xlsx
2022-07-16,philadelphia,5991,28,135,6154,0.974,0.005,0.022,FY22_detentionStats08092022.xlsx
2022-07-16,phoenix,19783,3859,710,24352,0.812,0.158,0.029,FY22_detentionStats08092022.xlsx
2022-07-16,salt lake city,5421,58,360,5839,0.928,0.01,0.062,FY22_detentionStats08092022.xlsx
2022-07-16,san antonio,32126,838,17862,50826,0.632,0.016,0.351,FY22_detentionStats08092022.xlsx
2022-07-16,san diego,8335,330,421,9086,0.917,0.036,0.046,FY22_detentionStats08092022.xlsx
2022-07-16,san francisco,10025,922,4994,15941,0.629,0.058,0.313,FY22_detentionStats08092022.xlsx
2022-07-16,seattle,5037,189,832,6058,0.831,0.031,0.137,FY22_detentionStats08092022.xlsx
2022-07-16,st paul,1938,154,677,2769,0.7,0.056,0.244,FY22_detentionStats08092022.xlsx
2022-07-16,washington dc,4688,368,60,5116,0.916,0.072,0.012,FY22_detentionStats08092022.xlsx
2022-11-19,atlanta,4154,324,450,4928,0.843,0.066,0.091,FY23_detentionStats221207.xlsx
2022-11-19,baltimore,3165,98,230,3493,0.906,0.028,0.066,FY23_detentionStats221207.xlsx
2022-11-19,boston,8760,199,37,8996,0.974,0.022,0.004,FY23_detentionStats221207.xlsx
2022-11-19,buffalo,235,6,398,639,0.368,0.009,0.623,FY23_detentionStats221207.xlsx
2022-11-19,chicago,11625,245,1696,13566,0.857,0.018,0.125,FY23_detentionStats221207.xlsx
2022-11-19,dallas,2219,75,28,2322,0.956,0.032,0.012,FY23_detentionStats221207.xlsx
2022-11-19,denver,3065,23,198,3286,0.933,0.007,0.06,FY23_detentionStats221207.xlsx
2022-11-19,detroit,8244,73,953,9270,0.889,0.008,0.103,FY23_detentionStats221207.xlsx
2022-11-19,el paso,13555,221,9536,23312,0.581,0.009,0.409,FY23_detentionStats221207.xlsx
2022-11-19,harlingen,47472,859,13891,62222,0.763,0.014,0.223,FY23_detentionStats221207.xlsx
2022-11-19,houston,3110,418,9,3537,0.879,0.118,0.003,FY23_detentionStats221207.xlsx
2022-11-19,los angeles,11573,552,2965,15090,0.767,0.037,0.196,FY23_detentionStats221207.xlsx
2022-11-19,miami,13605,945,55,14605,0.932,0.065,0.004,FY23_detentionStats221207.xlsx
2022-11-19,new orleans,4181,128,183,4492,0.931,0.028,0.041,FY23_detentionStats221207.xlsx
2022-11-19,new york,10452,355,325,11132,0.939,0.032,0.029,FY23_detentionStats221207.xlsx
2022-11-19,newark,14248,210,1603,16061,0.887,0.013,0.1,FY23_detentionStats221207.xlsx
2022-11-19,philadelphia,8216,50,83,8349,0.984,0.006,0.01,FY23_detentionStats221207.xlsx
2022-11-19,phoenix,19194,1177,5526,25897,0.741,0.045,0.213,FY23_detentionStats221207.xlsx
2022-11-19,salt lake city,9840,76,350,10266,0.959,0.007,0.034,FY23_detentionStats221207.xlsx
2022-11-19,san antonio,34535,374,18525,53434,0.646,0.007,0.347,FY23_detentionStats221207.xlsx
2022-11-19,san diego,10884,219,3827,14930,0.729,0.015,0.256,FY23_detentionStats221207.xlsx
2022-11-19,san francisco,13474,756,4332,18562,0.726,0.041,0.233,FY23_detentionStats221207.xlsx
2022-11-19,seattle,5670,124,605,6399,0.886,0.019,0.095,FY23_detentionStats221207.xlsx
2022-11-19,st paul,2287,99,526,2912,0.785,0.034,0.181,FY23_detentionStats221207.xlsx
2022-11-19,washington dc,4992,299,47,5338,0.935,0.056,0.009,FY23_detentionStats221207.xlsx
2022-12-03,atlanta,4200,316,443,4959,0.847,0.064,0.089,FY23_detentionStats221212.xlsx
2022-12-03,baltimore,3240,99,229,3568,0.908,0.028,0.064,FY23_detentionStats221212.xlsx
2022-12-03,boston,8942,165,24,9131,0.979,0.018,0.003,FY23_detentionStats221212.xlsx
2022-12-03,buffalo,264,5,393,662,0.399,0.008,0.594,FY23_detentionStats221212.xlsx
2022-12-03,chicago,11691,243,1648,13582,0.861,0.018,0.121,FY23_detentionStats221212.xlsx
2022-12-03,dallas,2204,74,55,2333,0.945,0.032,0.024,FY23_detentionStats221212.xlsx
2022-12-03,denver,3047,42,181,3270,0.932,0.013,0.055,FY23_detentionStats221212.xlsx
2022-12-03,detroit,8353,71,933,9357,0.893,0.008,0.1,FY23_detentionStats221212.xlsx
2022-12-03,el paso,13834,217,12414,26465,0.523,0.008,0.469,FY23_detentionStats221212.xlsx
2022-12-03,harlingen,50801,721,14566,66088,0.769,0.011,0.22,FY23_detentionStats221212.xlsx
2022-12-03,houston,3161,398,14,3573,0.885,0.111,0.004,FY23_detentionStats221212.xlsx
2022-12-03,los angeles,12290,515,2845,15650,0.785,0.033,0.182,FY23_detentionStats221212.xlsx
2022-12-03,miami,13731,917,115,14763,0.93,0.062,0.008,FY23_detentionStats221212.xlsx
2022-12-03,new orleans,4228,135,141,4504,0.939,0.03,0.031,FY23_detentionStats221212.xlsx
2022-12-03,new york,10547,349,354,11250,0.938,0.031,0.031,FY23_detentionStats221212.xlsx
2022-12-03,newark,14285,207,1526,16018,0.892,0.013,0.095,FY23_detentionStats221212.xlsx
2022-12-03,philadelphia,8387,51,77,8515,0.985,0.006,0.009,FY23_detentionStats221212.xlsx
2022-12-03,phoenix,19546,1098,6684,27328,0.715,0.04,0.245,FY23_detentionStats221212.xlsx
2022-12-03,salt lake city,10071,81,347,10499,0.959,0.008,0.033,FY23_detentionStats221212.xlsx
2022-12-03,san antonio,36065,314,20958,57337,0.629,0.005,0.366,FY23_detentionStats221212.xlsx
2022-12-03,san diego,11541,210,3945,15696,0.735,0.013,0.251,FY23_detentionStats221212.xlsx
2022-12-03,san francisco,13753,747,4288,18788,0.732,0.04,0.228,FY23_detentionStats221212.xlsx
2022-12-03,seattle,5761,120,602,6483,0.889,0.019,0.093,FY23_detentionStats221212.xlsx
2022-12-03,st paul,2366,97,529,2992,0.791,0.032,0.177,FY23_detentionStats221212.xlsx
2022-12-03,washington dc,4883,292,39,5214,0.937,0.056,0.007,FY23_detentionStats221212.xlsx
2022-12-17,atlanta,4232,314,444,4990,0.848,0.063,0.089,FY23_detentionStats221222.xlsx
2022-12-17,baltimore,3303,92,219,3614,0.914,0.025,0.061,FY23_detentionStats221222.xlsx
2022-12-17,boston,9039,161,20,9220,0.98,0.017,0.002,FY23_detentionStats221222.xlsx
2022-12-17,buffalo,280,6,391,677,0.414,0.009,0.578,FY23_detentionStats221222.xlsx
2022-12-17,chicago,12265,244,1584,14093,0.87,0.017,0.112,FY23_detentionStats221222.xlsx
2022-12-17,dallas,2170,75,30,2275,0.954,0.033,0.013,FY23_detentionStats221222.xlsx
2022-12-17,denver,3198,38,156,3392,0.943,0.011,0.046,FY23_detentionStats221222.xlsx
2022-12-17,detroit,8461,76,909,9446,0.896,0.008,0.096,FY23_detentionStats221222.xlsx
2022-12-17,el paso,14622,180,17242,32044,0.456,0.006,0.538,FY23_detentionStats221222.xlsx
2022-12-17,harlingen,54694,525,15913,71132,0.769,0.007,0.224,FY23_detentionStats221222.xlsx
2022-12-17,houston,3128,364,10,3502,0.893,0.104,0.003,FY23_detentionStats221222.xlsx
2022-12-17,los angeles,12766,498,2677,15941,0.801,0.031,0.168,FY23_detentionStats221222.xlsx
2022-12-17,miami,13496,854,70,14420,0.936,0.059,0.005,FY23_detentionStats221222.xlsx
2022-12-17,new orleans,4403,123,143,4669,0.943,0.026,0.031,FY23_detentionStats221222.xlsx
2022-12-17,new york,10702,341,331,11374,0.941,0.03,0.029,FY23_detentionStats221222.xlsx
2022-12-17,newark,14396,205,1509,16110,0.894,0.013,0.094,FY23_detentionStats221222.xlsx
2022-12-17,philadelphia,8647,30,74,8751,0.988,0.003,0.008,FY23_detentionStats221222.xlsx
2022-12-17,phoenix,20558,925,8436,29919,0.687,0.031,0.282,FY23_detentionStats221222.xlsx
2022-12-17,salt lake city,10410,81,347,10838,0.961,0.007,0.032,FY23_detentionStats221222.xlsx
2022-12-17,san antonio,38441,274,23807,62522,0.615,0.004,0.381,FY23_detentionStats221222.xlsx
2022-12-17,san diego,10969,198,3988,15155,0.724,0.013,0.263,FY23_detentionStats221222.xlsx
2022-12-17,san francisco,14182,725,4221,19128,0.741,0.038,0.221,FY23_detentionStats221222.xlsx
2022-12-17,seattle,5967,114,571,6652,0.897,0.017,0.086,FY23_detentionStats221222.xlsx
2022-12-17,st paul,2450,95,516,3061,0.8,0.031,0.169,FY23_detentionStats221222.xlsx
2022-12-17,washington dc,4727,287,41,5055,0.935,0.057,0.008,FY23_detentionStats221222.xlsx
2022-12-31,atlanta,4226,309,435,4970,0.85,0.062,0.088,FY23_detentionStats01092023.xlsx
2022-12-31,baltimore,3313,94,212,3619,0.915,0.026,0.059,FY23_detentionStats01092023.xlsx
2022-12-31,boston,9131,158,18,9307,0.981,0.017,0.002,FY23_detentionStats01092023.xlsx
2022-12-31,buffalo,329,6,388,723,0.455,0.008,0.537,FY23_detentionStats01092023.xlsx
2022-12-31,chicago,12474,233,1478,14185,0.879,0.016,0.104,FY23_detentionStats01092023.xlsx
2022-12-31,dallas,2081,73,27,2181,0.954,0.033,0.012,FY23_detentionStats01092023.xlsx
2022-12-31,denver,3253,33,143,3429,0.949,0.01,0.042,FY23_detentionStats01092023.xlsx
2022-12-31,detroit,8511,73,905,9489,0.897,0.008,0.095,FY23_detentionStats01092023.xlsx
2022-12-31,el paso,14827,178,14430,29435,0.504,0.006,0.49,FY23_detentionStats01092023.xlsx
2022-12-31,harlingen,58386,470,17489,76345,0.765,0.006,0.229,FY23_detentionStats01092023.xlsx
2022-12-31,houston,2961,357,12,3330,0.889,0.107,0.004,FY23_detentionStats01092023.xlsx
2022-12-31,los angeles,13211,477,2586,16274,0.812,0.029,0.159,FY23_detentionStats01092023.xlsx
2022-12-31,miami,13423,785,44,14252,0.942,0.055,0.003,FY23_detentionStats01092023.xlsx
2022-12-31,new orleans,4423,130,143,4696,0.942,0.028,0.03,FY23_detentionStats01092023.xlsx
2022-12-31,new york,10845,334,271,11450,0.947,0.029,0.024,FY23_detentionStats01092023.xlsx
2022-12-31,newark,14440,198,1499,16137,0.895,0.012,0.093,FY23_detentionStats01092023.xlsx
2022-12-31,philadelphia,8760,31,69,8860,0.989,0.003,0.008,FY23_detentionStats01092023.xlsx
2022-12-31,phoenix,21560,843,5966,28369,0.76,0.03,0.21,FY23_detentionStats01092023.xlsx
2022-12-31,salt lake city,10659,77,321,11057,0.964,0.007,0.029,FY23_detentionStats01092023.xlsx
2022-12-31,san antonio,41080,262,18817,60159,0.683,0.004,0.313,FY23_detentionStats01092023.xlsx
2022-12-31,san diego,10362,192,2983,13537,0.765,0.014,0.22,FY23_detentionStats01092023.xlsx
2022-12-31,san francisco,14461,723,4161,19345,0.748,0.037,0.215,FY23_detentionStats01092023.xlsx
2022-12-31,seattle,6114,110,550,6774,0.903,0.016,0.081,FY23_detentionStats01092023.xlsx
2022-12-31,st paul,2502,86,496,3084,0.811,0.028,0.161,FY23_detentionStats01092023.xlsx
2022-12-31,washington dc,4709,276,38,5023,0.937,0.055,0.008,FY23_detentionStats01092023.xlsx
2023-01-14,atlanta,4213,311,433,4957,0.85,0.063,0.087,FY23_detentionStats01192022.xlsx
2023-01-14,baltimore,3350,91,209,3650,0.918,0.025,0.057,FY23_detentionStats01192022.xlsx
2023-01-14,boston,9240,151,17,9408,0.982,0.016,0.002,FY23_detentionStats01192022.xlsx
2023-01-14,buffalo,340,6,379,725,0.469,0.008,0.523,FY23_detentionStats01192022.xlsx
2023-01-14,chicago,12938,243,1400,14581,0.887,0.017,0.096,FY23_detentionStats01192022.xlsx
2023-01-14,dallas,1943,68,22,2033,0.956,0.033,0.011,FY23_detentionStats01192022.xlsx
2023-01-14,denver,3307,26,136,3469,0.953,0.007,0.039,FY23_detentionStats01192022.xlsx
2023-01-14,detroit,8575,70,885,9530,0.9,0.007,0.093,FY23_detentionStats01192022.xlsx
2023-01-14,el paso,13881,144,13040,27065,0.513,0.005,0.482,FY23_detentionStats01192022.xlsx
2023-01-14,harlingen,53687,321,11698,65706,0.817,0.005,0.178,FY23_detentionStats01192022.xlsx
2023-01-14,houston,3101,353,7,3461,0.896,0.102,0.002,FY23_detentionStats01192022.xlsx
2023-01-14,los angeles,12837,452,2478,15767,0.814,0.029,0.157,FY23_detentionStats01192022.xlsx
2023-01-14,miami,13569,765,44,14378,0.944,0.053,0.003,FY23_detentionStats01192022.xlsx
2023-01-14,new orleans,4464,126,133,4723,0.945,0.027,0.028,FY23_detentionStats01192022.xlsx
2023-01-14,new york,10810,329,260,11399,0.948,0.029,0.023,FY23_detentionStats01192022.xlsx
2023-01-14,newark,14539,202,1492,16233,0.896,0.012,0.092,FY23_detentionStats01192022.xlsx
2023-01-14,philadelphia,8961,36,65,9062,0.989,0.004,0.007,FY23_detentionStats01192022.xlsx
2023-01-14,phoenix,22065,756,4782,27603,0.799,0.027,0.173,FY23_detentionStats01192022.xlsx
2023-01-14,salt lake city,10835,74,334,11243,0.964,0.007,0.03,FY23_detentionStats01192022.xlsx
2023-01-14,san antonio,39012,229,14257,53498,0.729,0.004,0.266,FY23_detentionStats01192022.xlsx
2023-01-14,san diego,10113,227,1451,11791,0.858,0.019,0.123,FY23_detentionStats01192022.xlsx
2023-01-14,san francisco,14863,687,4111,19661,0.756,0.035,0.209,FY23_detentionStats01192022.xlsx
2023-01-14,seattle,6333,97,537,6967,0.909,0.014,0.077,FY23_detentionStats01192022.xlsx
2023-01-14,st paul,2633,85,492,3210,0.82,0.026,0.153,FY23_detentionStats01192022.xlsx
2023-01-14,washington dc,4708,274,38,5020,0.938,0.055,0.008,FY23_detentionStats01192022.xlsx
2023-01-28,atlanta,4248,317,430,4995,0.85,0.063,0.086,FY23_detentionStats02032023.xlsx
2023-01-28,baltimore,3288,83,197,3568,0.922,0.023,0.055,FY23_detentionStats02032023.xlsx
2023-01-28,boston,9535,141,12,9688,0.984,0.015,0.001,FY23_detentionStats02032023.xlsx
2023-01-28,buffalo,353,6,372,731,0.483,0.008,0.509,FY23_detentionStats02032023.xlsx
2023-01-28,chicago,13543,253,1347,15143,0.894,0.017,0.089,FY23_detentionStats02032023.xlsx
2023-01-28,dallas,1801,67,30,1898,0.949,0.035,0.016,FY23_detentionStats02032023.xlsx
2023-01-28,denver,3223,23,131,3377,0.954,0.007,0.039,FY23_detentionStats02032023.xlsx
2023-01-28,detroit,8582,67,873,9522,0.901,0.007,0.092,FY23_detentionStats02032023.xlsx
2023-01-28,el paso,12342,125,9413,21880,0.564,0.006,0.43,FY23_detentionStats02032023.xlsx
2023-01-28,harlingen,47534,269,5094,52897,0.899,0.005,0.096,FY23_detentionStats02032023.xlsx
2023-01-28,houston,3093,341,13,3447,0.897,0.099,0.004,FY23_detentionStats02032023.xlsx
2023-01-28,los angeles,12717,461,2396,15574,0.817,0.03,0.154,FY23_detentionStats02032023.xlsx
2023-01-28,miami,14898,717,59,15674,0.95,0.046,0.004,FY23_detentionStats02032023.xlsx
2023-01-28,new orleans,4510,129,135,4774,0.945,0.027,0.028,FY23_detentionStats02032023.xlsx
2023-01-28,new york,10953,327,268,11548,0.948,0.028,0.023,FY23_detentionStats02032023.xlsx
2023-01-28,newark,14671,195,1477,16343,0.898,0.012,0.09,FY23_detentionStats02032023.xlsx
2023-01-28,philadelphia,9311,30,80,9421,0.988,0.003,0.008,FY23_detentionStats02032023.xlsx
2023-01-28,phoenix,21752,554,2386,24692,0.881,0.022,0.097,FY23_detentionStats02032023.xlsx
2023-01-28,salt lake city,10989,69,322,11380,0.966,0.006,0.028,FY23_detentionStats02032023.xlsx
2023-01-28,san antonio,33151,211,7929,41291,0.803,0.005,0.192,FY23_detentionStats02032023.xlsx
2023-01-28,san diego,10651,242,639,11532,0.924,0.021,0.055,FY23_detentionStats02032023.xlsx
2023-01-28,san francisco,15204,666,4048,19918,0.763,0.033,0.203,FY23_detentionStats02032023.xlsx
2023-01-28,seattle,6373,98,530,7001,0.91,0.014,0.076,FY23_detentionStats02032023.xlsx
2023-01-28,st paul,2668,90,482,3240,0.823,0.028,0.149,FY23_detentionStats02032023.xlsx
2023-01-28,washington dc,4699,276,45,5020,0.936,0.055,0.009,FY23_detentionStats02032023.xlsx
2023-02-11,atlanta,4324,315,421,5060,0.855,0.062,0.083,FY23_detentionStats02282023.xlsx
2023-02-11,baltimore,3284,76,186,3546,0.926,0.021,0.052,FY23_detentionStats02282023.xlsx
2023-02-11,boston,10041,129,20,10190,0.985,0.013,0.002,FY23_detentionStats02282023.xlsx
2023-02-11,buffalo,339,6,367,712,0.476,0.008,0.515,FY23_detentionStats02282023.xlsx
2023-02-11,chicago,14267,254,1287,15808,0.903,0.016,0.081,FY23_detentionStats02282023.xlsx
2023-02-11,dallas,1792,67,15,1874,0.956,0.036,0.008,FY23_detentionStats02282023.xlsx
2023-02-11,denver,3161,21,125,3307,0.956,0.006,0.038,FY23_detentionStats02282023.xlsx
2023-02-11,detroit,8661,65,832,9558,0.906,0.007,0.087,FY23_detentionStats02282023.xlsx
2023-02-11,el paso,11771,123,7356,19250,0.611,0.006,0.382,FY23_detentionStats02282023.xlsx
2023-02-11,harlingen,41297,239,3820,45356,0.911,0.005,0.084,FY23_detentionStats02282023.xlsx
2023-02-11,houston,3075,353,7,3435,0.895,0.103,0.002,FY23_detentionStats02282023.xlsx
2023-02-11,los angeles,12282,448,2281,15011,0.818,0.03,0.152,FY23_detentionStats02282023.xlsx
2023-02-11,miami,17427,682,36,18145,0.96,0.038,0.002,FY23_detentionStats02282023.xlsx
2023-02-11,new orleans,4593,126,123,4842,0.949,0.026,0.025,FY23_detentionStats02282023.xlsx
2023-02-11,new york,10934,338,256,11528,0.948,0.029,0.022,FY23_detentionStats02282023.xlsx
2023-02-11,newark,14754,184,1471,16409,0.899,0.011,0.09,FY23_detentionStats02282023.xlsx
2023-02-11,philadelphia,9610,25,77,9712,0.989,0.003,0.008,FY23_detentionStats02282023.xlsx
2023-02-11,phoenix,19537,477,1631,21645,0.903,0.022,0.075,FY23_detentionStats02282023.xlsx
2023-02-11,salt lake city,10929,66,336,11331,0.965,0.006,0.03,FY23_detentionStats02282023.xlsx
2023-02-11,san antonio,26237,245,5521,32003,0.82,0.008,0.173,FY23_detentionStats02282023.xlsx
2023-02-11,san diego,11013,220,511,11744,0.938,0.019,0.044,FY23_detentionStats02282023.xlsx
2023-02-11,san francisco,15534,670,3999,20203,0.769,0.033,0.198,FY23_detentionStats02282023.xlsx
2023-02-11,seattle,6448,103,520,7071,0.912,0.015,0.074,FY23_detentionStats02282023.xlsx
2023-02-11,st paul,2675,96,458,3229,0.828,0.03,0.142,FY23_detentionStats02282023.xlsx
2023-02-11,washington dc,4713,272,38,5023,0.938,0.054,0.008,FY23_detentionStats02282023.xlsx
2023-02-25,atlanta,4376,320,413,5109,0.857,0.063,0.081,FY23_detentionStats03032023.xlsx
2023-02-25,baltimore,3325,72,178,3575,0.93,0.02,0.05,FY23_detentionStats03032023.xlsx
2023-02-25,boston,10303,109,18,10430,0.988,0.01,0.002,FY23_detentionStats03032023.xlsx
2023-02-25,buffalo,330,6,361,697,0.473,0.009,0.518,FY23_detentionStats03032023.xlsx
2023-02-25,chicago,14549,260,1236,16045,0.907,0.016,0.077,FY23_detentionStats03032023.xlsx
2023-02-25,dallas,1679,68,16,1763,0.952,0.039,0.009,FY23_detentionStats03032023.xlsx
2023-02-25,denver,3086,21,120,3227,0.956,0.007,0.037,FY23_detentionStats03032023.xlsx
2023-02-25,detroit,8736,59,815,9610,0.909,0.006,0.085,FY23_detentionStats03032023.xlsx
2023-02-25,el paso,10579,115,6398,17092,0.619,0.007,0.374,FY23_detentionStats03032023.xlsx
2023-02-25,harlingen,36542,222,3343,40107,0.911,0.006,0.083,FY23_detentionStats03032023.xlsx
2023-02-25,houston,2891,338,5,3234,0.894,0.105,0.002,FY23_detentionStats03032023.xlsx
2023-02-25,los angeles,11677,439,2152,14268,0.818,0.031,0.151,FY23_detentionStats03032023.xlsx
2023-02-25,miami,19971,696,32,20699,0.965,0.034,0.002,FY23_detentionStats03032023.xlsx
2023-02-25,new orleans,4667,115,124,4906,0.951,0.023,0.025,FY23_detentionStats03032023.xlsx
2023-02-25,new york,10914,338,252,11504,0.949,0.029,0.022,FY23_detentionStats03032023.xlsx
2023-02-25,newark,14769,190,1465,16424,0.899,0.012,0.089,FY23_detentionStats03032023.xlsx
2023-02-25,philadelphia,9809,27,58,9894,0.991,0.003,0.006,FY23_detentionStats03032023.xlsx
2023-02-25,phoenix,18255,329,1359,19943,0.915,0.016,0.068,FY23_detentionStats03032023.xlsx
2023-02-25,salt lake city,10610,59,338,11007,0.964,0.005,0.031,FY23_detentionStats03032023.xlsx
2023-02-25,san antonio,22003,211,4649,26863,0.819,0.008,0.173,FY23_detentionStats03032023.xlsx
2023-02-25,san diego,10463,190,472,11125,0.94,0.017,0.042,FY23_detentionStats03032023.xlsx
2023-02-25,san francisco,15718,653,3910,20281,0.775,0.032,0.193,FY23_detentionStats03032023.xlsx
2023-02-25,seattle,6483,102,507,7092,0.914,0.014,0.071,FY23_detentionStats03032023.xlsx
2023-02-25,st paul,2692,92,440,3224,0.835,0.029,0.136,FY23_detentionStats03032023.xlsx
2023-02-25,washington dc,4730,281,37,5048,0.937,0.056,0.007,FY23_detentionStats03032023.xlsx
2023-03-11,atlanta,4387,324,396,5107,0.859,0.063,0.078,FY23_detentionStats230316.xlsx
2023-03-11,baltimore,3351,69,167,3587,0.934,0.019,0.047,FY23_detentionStats230316.xlsx
2023-03-11,boston,10508,103,16,10627,0.989,0.01,0.002,FY23_detentionStats230316.xlsx
2023-03-11,buffalo,335,7,340,682,0.491,0.01,0.499,FY23_detentionStats230316.xlsx
2023-03-11,chicago,14081,257,1149,15487,0.909,0.017,0.074,FY23_detentionStats230316.xlsx
2023-03-11,dallas,1717,72,28,1817,0.945,0.04,0.015,FY23_detentionStats230316.xlsx
2023-03-11,denver,2933,18,121,3072,0.955,0.006,0.039,FY23_detentionStats230316.xlsx
2023-03-11,detroit,8890,60,799,9749,0.912,0.006,0.082,FY23_detentionStats230316.xlsx
2023-03-11,el paso,9720,114,5858,15692,0.619,0.007,0.373,FY23_detentionStats230316.xlsx
2023-03-11,harlingen,33529,179,2963,36671,0.914,0.005,0.081,FY23_detentionStats230316.xlsx
2023-03-11,houston,2901,326,6,3233,0.897,0.101,0.002,FY23_detentionStats230316.xlsx
2023-03-11,los angeles,10895,435,2064,13394,0.813,0.032,0.154,FY23_detentionStats230316.xlsx
2023-03-11,miami,21071,659,29,21759,0.968,0.03,0.001,FY23_detentionStats230316.xlsx
2023-03-11,new orleans,4648,125,120,4893,0.95,0.026,0.025,FY23_detentionStats230316.xlsx
2023-03-11,new york,10935,326,249,11510,0.95,0.028,0.022,FY23_detentionStats230316.xlsx
2023-03-11,newark,14749,183,1461,16393,0.9,0.011,0.089,FY23_detentionStats230316.xlsx
2023-03-11,philadelphia,9985,23,55,10063,0.992,0.002,0.005,FY23_detentionStats230316.xlsx
2023-03-11,phoenix,18502,237,1126,19865,0.931,0.012,0.057,FY23_detentionStats230316.xlsx
2023-03-11,salt lake city,10448,61,276,10785,0.969,0.006,0.026,FY23_detentionStats230316.xlsx
2023-03-11,san antonio,20681,169,4038,24888,0.831,0.007,0.162,FY23_detentionStats230316.xlsx
2023-03-11,san diego,11390,177,576,12143,0.938,0.015,0.047,FY23_detentionStats230316.xlsx
2023-03-11,san francisco,15968,636,3837,20441,0.781,0.031,0.188,FY23_detentionStats230316.xlsx
2023-03-11,seattle,6535,111,499,7145,0.915,0.016,0.07,FY23_detentionStats230316.xlsx
2023-03-11,st paul,2747,95,424,3266,0.841,0.029,0.13,FY23_detentionStats230316.xlsx
2023-03-11,washington dc,4709,287,34,5030,0.936,0.057,0.007,FY23_detentionStats230316.xlsx
2023-03-25,atlanta,4417,317,377,5111,0.864,0.062,0.074,FY23_detentionStats03312023.xlsx
2023-03-25,baltimore,3341,64,160,3565,0.937,0.018,0.045,FY23_detentionStats03312023.xlsx
2023-03-25,boston,10478,107,8,10593,0.989,0.01,0.001,FY23_detentionStats03312023.xlsx
2023-03-25,buffalo,324,7,330,661,0.49,0.011,0.499,FY23_detentionStats03312023.xlsx
2023-03-25,chicago,14048,255,1093,15396,0.912,0.017,0.071,FY23_detentionStats03312023.xlsx
2023-03-25,dallas,1734,74,12,1820,0.953,0.041,0.007,FY23_detentionStats03312023.xlsx
2023-03-25,denver,3006,19,115,3140,0.957,0.006,0.037,FY23_detentionStats03312023.xlsx
2023-03-25,detroit,8920,49,779,9748,0.915,0.005,0.08,FY23_detentionStats03312023.xlsx
2023-03-25,el paso,9044,116,5214,14374,0.629,0.008,0.363,FY23_detentionStats03312023.xlsx
2023-03-25,harlingen,32153,166,2729,35048,0.917,0.005,0.078,FY23_detentionStats03312023.xlsx
2023-03-25,houston,2977,322,4,3303,0.901,0.097,0.001,FY23_detentionStats03312023.xlsx
2023-03-25,los angeles,10818,445,1977,13240,0.817,0.034,0.149,FY23_detentionStats03312023.xlsx
2023-03-25,miami,21440,605,26,22071,0.971,0.027,0.001,FY23_detentionStats03312023.xlsx
2023-03-25,new orleans,4692,119,116,4927,0.952,0.024,0.024,FY23_detentionStats03312023.xlsx
2023-03-25,new york,10822,322,245,11389,0.95,0.028,0.022,FY23_detentionStats03312023.xlsx
2023-03-25,newark,14876,192,1437,16505,0.901,0.012,0.087,FY23_detentionStats03312023.xlsx
2023-03-25,philadelphia,9945,21,47,10013,0.993,0.002,0.005,FY23_detentionStats03312023.xlsx
2023-03-25,phoenix,17532,168,1001,18701,0.937,0.009,0.054,FY23_detentionStats03312023.xlsx
2023-03-25,salt lake city,10342,63,261,10666,0.97,0.006,0.024,FY23_detentionStats03312023.xlsx
2023-03-25,san antonio,20017,141,3538,23696,0.845,0.006,0.149,FY23_detentionStats03312023.xlsx
2023-03-25,san diego,11286,169,478,11933,0.946,0.014,0.04,FY23_detentionStats03312023.xlsx
2023-03-25,san francisco,15856,648,3693,20197,0.785,0.032,0.183,FY23_detentionStats03312023.xlsx
2023-03-25,seattle,6578,119,487,7184,0.916,0.017,0.068,FY23_detentionStats03312023.xlsx
2023-03-25,st paul,2792,92,397,3281,0.851,0.028,0.121,FY23_detentionStats03312023.xlsx
2023-03-25,washington dc,4747,274,30,5051,0.94,0.054,0.006,FY23_detentionStats03312023.xlsx
2023-04-08,atlanta,4411,310,370,5091,0.866,0.061,0.073,FY23_detentionStats04122023b.xlsx
2023-04-08,baltimore,3388,67,150,3605,0.94,0.019,0.042,FY23_detentionStats04122023b.xlsx
2023-04-08,boston,10302,97,8,10407,0.99,0.009,0.001,FY23_detentionStats04122023b.xlsx
2023-04-08,buffalo,321,7,331,659,0.487,0.011,0.502,FY23_detentionStats04122023b.xlsx
2023-04-08,chicago,13819,256,1051,15126,0.914,0.017,0.069,FY23_detentionStats04122023b.xlsx
2023-04-08,dallas,1729,71,10,1810,0.955,0.039,0.006,FY23_detentionStats04122023b.xlsx
2023-04-08,denver,2715,25,108,2848,0.953,0.009,0.038,FY23_detentionStats04122023b.xlsx
2023-04-08,detroit,8956,48,727,9731,0.92,0.005,0.075,FY23_detentionStats04122023b.xlsx
2023-04-08,el paso,8244,108,4525,12877,0.64,0.008,0.351,FY23_detentionStats04122023b.xlsx
2023-04-08,harlingen,29881,159,2162,32202,0.928,0.005,0.067,FY23_detentionStats04122023b.xlsx
2023-04-08,houston,3029,329,5,3363,0.901,0.098,0.001,FY23_detentionStats04122023b.xlsx
2023-04-08,los angeles,11124,429,1896,13449,0.827,0.032,0.141,FY23_detentionStats04122023b.xlsx
2023-04-08,miami,22133,496,26,22655,0.977,0.022,0.001,FY23_detentionStats04122023b.xlsx
2023-04-08,new orleans,4700,114,107,4921,0.955,0.023,0.022,FY23_detentionStats04122023b.xlsx
2023-04-08,new york,10236,350,238,10824,0.946,0.032,0.022,FY23_detentionStats04122023b.xlsx
2023-04-08,newark,14506,188,1426,16120,0.9,0.012,0.088,FY23_detentionStats04122023b.xlsx
2023-04-08,philadelphia,10050,18,38,10106,0.994,0.002,0.004,FY23_detentionStats04122023b.xlsx
2023-04-08,phoenix,12413,139,753,13305,0.933,0.01,0.057,FY23_detentionStats04122023b.xlsx
2023-04-08,salt lake city,10042,62,211,10315,0.974,0.006,0.02,FY23_detentionStats04122023b.xlsx
2023-04-08,san antonio,18062,125,2601,20788,0.869,0.006,0.125,FY23_detentionStats04122023b.xlsx
2023-04-08,san diego,9630,154,415,10199,0.944,0.015,0.041,FY23_detentionStats04122023b.xlsx
2023-04-08,san francisco,15868,661,3579,20108,0.789,0.033,0.178,FY23_detentionStats04122023b.xlsx
2023-04-08,seattle,13127,252,966,14345,0.915,0.018,0.067,FY23_detentionStats04122023b.xlsx
2023-04-08,st paul,5699,179,784,6662,0.855,0.027,0.118,FY23_detentionStats04122023b.xlsx
2023-04-08,washington dc,9490,550,57,10097,0.94,0.054,0.006,FY23_detentionStats04122023b.xlsx
2023-04-22,atlanta,4414,308,360,5082,0.869,0.061,0.071,FY23_detentionStats04282023.xlsx
2023-04-22,baltimore,3397,65,139,3601,0.943,0.018,0.039,FY23_detentionStats04282023.xlsx
2023-04-22,boston,10145,89,4,10238,0.991,0.009,0,FY23_detentionStats04282023.xlsx
2023-04-22,buffalo,315,10,322,647,0.487,0.015,0.498,FY23_detentionStats04282023.xlsx
2023-04-22,chicago,13137,242,982,14361,0.915,0.017,0.068,FY23_detentionStats04282023.xlsx
2023-04-22,dallas,1716,76,9,1801,0.953,0.042,0.005,FY23_detentionStats04282023.xlsx
2023-04-22,denver,2657,22,98,2777,0.957,0.008,0.035,FY23_detentionStats04282023.xlsx
2023-04-22,detroit,8950,48,718,9716,0.921,0.005,0.074,FY23_detentionStats04282023.xlsx
2023-04-22,el paso,7617,94,3560,11271,0.676,0.008,0.316,FY23_detentionStats04282023.xlsx
2023-04-22,harlingen,28880,150,1660,30690,0.941,0.005,0.054,FY23_detentionStats04282023.xlsx
2023-04-22,houston,2945,327,4,3276,0.899,0.1,0.001,FY23_detentionStats04282023.xlsx
2023-04-22,los angeles,10567,430,1785,12782,0.827,0.034,0.14,FY23_detentionStats04282023.xlsx
2023-04-22,miami,21766,476,26,22268,0.977,0.021,0.001,FY23_detentionStats04282023.xlsx
2023-04-22,new orleans,4658,103,94,4855,0.959,0.021,0.019,FY23_detentionStats04282023.xlsx
2023-04-22,new york,9911,349,231,10491,0.945,0.033,0.022,FY23_detentionStats04282023.xlsx
2023-04-22,newark,13368,177,1418,14963,0.893,0.012,0.095,FY23_detentionStats04282023.xlsx
2023-04-22,philadelphia,9972,19,31,10022,0.995,0.002,0.003,FY23_detentionStats04282023.xlsx
2023-04-22,phoenix,11211,122,549,11882,0.944,0.01,0.046,FY23_detentionStats04282023.xlsx
2023-04-22,salt lake city,8511,60,155,8726,0.975,0.007,0.018,FY23_detentionStats04282023.xlsx
2023-04-22,san antonio,16782,98,1952,18832,0.891,0.005,0.104,FY23_detentionStats04282023.xlsx
2023-04-22,san diego,8999,145,318,9462,0.951,0.015,0.034,FY23_detentionStats04282023.xlsx
2023-04-22,san francisco,15871,689,3380,19940,0.796,0.035,0.17,FY23_detentionStats04282023.xlsx
2023-04-22,seattle,6565,131,467,7163,0.917,0.018,0.065,FY23_detentionStats04282023.xlsx
2023-04-22,st paul,2945,89,364,3398,0.867,0.026,0.107,FY23_detentionStats04282023.xlsx
2023-04-22,washington dc,4606,271,25,4902,0.94,0.055,0.005,FY23_detentionStats04282023.xlsx
2023-05-06,atlanta,4435,298,353,5086,0.872,0.059,0.069,FY23_detentionStats05192023.xlsx
2023-05-06,baltimore,3376,62,125,3563,0.948,0.017,0.035,FY23_detentionStats05192023.xlsx
2023-05-06,boston,9871,81,5,9957,0.991,0.008,0.001,FY23_detentionStats05192023.xlsx
2023-05-06,buffalo,322,9,289,620,0.519,0.015,0.466,FY23_detentionStats05192023.xlsx
2023-05-06,chicago,12932,225,931,14088,0.918,0.016,0.066,FY23_detentionStats05192023.xlsx
2023-05-06,dallas,1733,79,7,1819,0.953,0.043,0.004,FY23_detentionStats05192023.xlsx
2023-05-06,denver,2632,71,97,2800,0.94,0.025,0.035,FY23_detentionStats05192023.xlsx
2023-05-06,detroit,8935,61,705,9701,0.921,0.006,0.073,FY23_detentionStats05192023.xlsx
2023-05-06,el paso,6424,79,321,6824,0.941,0.012,0.047,FY23_detentionStats05192023.xlsx
2023-05-06,harlingen,30392,151,1197,31740,0.958,0.005,0.038,FY23_detentionStats05192023.xlsx
2023-05-06,houston,2846,326,5,3177,0.896,0.103,0.002,FY23_detentionStats05192023.xlsx
2023-05-06,los angeles,10077,430,1587,12094,0.833,0.036,0.131,FY23_detentionStats05192023.xlsx
2023-05-06,miami,21232,491,23,21746,0.976,0.023,0.001,FY23_detentionStats05192023.xlsx
2023-05-06,new orleans,4591,102,90,4783,0.96,0.021,0.019,FY23_detentionStats05192023.xlsx
2023-05-06,new york,9589,345,230,10164,0.943,0.034,0.023,FY23_detentionStats05192023.xlsx
2023-05-06,newark,13252,176,1405,14833,0.893,0.012,0.095,FY23_detentionStats05192023.xlsx
2023-05-06,philadelphia,9783,20,29,9832,0.995,0.002,0.003,FY23_detentionStats05192023.xlsx
2023-05-06,phoenix,9992,107,425,10524,0.949,0.01,0.04,FY23_detentionStats05192023.xlsx
2023-05-06,salt lake city,7896,63,128,8087,0.976,0.008,0.016,FY23_detentionStats05192023.xlsx
2023-05-06,san antonio,16447,103,1463,18013,0.913,0.006,0.081,FY23_detentionStats05192023.xlsx
2023-05-06,san diego,7617,141,260,8018,0.95,0.018,0.032,FY23_detentionStats05192023.xlsx
2023-05-06,san francisco,15923,678,3064,19665,0.81,0.034,0.156,FY23_detentionStats05192023.xlsx
2023-05-06,seattle,6501,112,451,7064,0.92,0.016,0.064,FY23_detentionStats05192023.xlsx
2023-05-06,st paul,3062,85,327,3474,0.881,0.024,0.094,FY23_detentionStats05192023.xlsx
2023-05-06,washington dc,4440,281,25,4746,0.936,0.059,0.005,FY23_detentionStats05192023.xlsx
2023-05-20,atlanta,4442,286,347,5075,0.875,0.056,0.068,FY23_detentionStats06012023.xlsx
2023-05-20,baltimore,3371,60,103,3534,0.954,0.017,0.029,FY23_detentionStats06012023.xlsx
2023-05-20,boston,9464,79,3,9546,0.991,0.008,0,FY23_detentionStats06012023.xlsx
2023-05-20,buffalo,328,9,285,622,0.527,0.014,0.458,FY23_detentionStats06012023.xlsx
2023-05-20,chicago,12864,221,893,13978,0.92,0.016,0.064,FY23_detentionStats06012023.xlsx
2023-05-20,dallas,1723,77,7,1807,0.954,0.043,0.004,FY23_detentionStats06012023.xlsx
2023-05-20,denver,2652,21,144,2817,0.941,0.007,0.051,FY23_detentionStats06012023.xlsx
2023-05-20,detroit,8965,60,703,9728,0.922,0.006,0.072,FY23_detentionStats06012023.xlsx
2023-05-20,el paso,5663,71,308,6042,0.937,0.012,0.051,FY23_detentionStats06012023.xlsx
2023-05-20,harlingen,28605,147,964,29716,0.963,0.005,0.032,FY23_detentionStats06012023.xlsx
2023-05-20,houston,2762,327,5,3094,0.893,0.106,0.002,FY23_detentionStats06012023.xlsx
2023-05-20,los angeles,9884,420,1462,11766,0.84,0.036,0.124,FY23_detentionStats06012023.xlsx
2023-05-20,miami,22472,485,23,22980,0.978,0.021,0.001,FY23_detentionStats06012023.xlsx
2023-05-20,new orleans,4602,89,85,4776,0.964,0.019,0.018,FY23_detentionStats06012023.xlsx
2023-05-20,new york,9368,339,226,9933,0.943,0.034,0.023,FY23_detentionStats06012023.xlsx
2023-05-20,newark,13167,175,1396,14738,0.893,0.012,0.095,FY23_detentionStats06012023.xlsx
2023-05-20,philadelphia,9725,17,28,9770,0.995,0.002,0.003,FY23_detentionStats06012023.xlsx
2023-05-20,phoenix,8548,88,107,8743,0.978,0.01,0.012,FY23_detentionStats06012023.xlsx
2023-05-20,salt lake city,7532,66,125,7723,0.975,0.009,0.016,FY23_detentionStats06012023.xlsx
2023-05-20,san antonio,16326,94,1252,17672,0.924,0.005,0.071,FY23_detentionStats06012023.xlsx
2023-05-20,san diego,6710,136,229,7075,0.948,0.019,0.032,FY23_detentionStats06012023.xlsx
2023-05-20,san francisco,16003,688,2956,19647,0.815,0.035,0.15,FY23_detentionStats06012023.xlsx
2023-05-20,seattle,6481,118,438,7037,0.921,0.017,0.062,FY23_detentionStats06012023.xlsx
2023-05-20,st paul,2950,84,319,3353,0.88,0.025,0.095,FY23_detentionStats06012023.xlsx
2023-05-20,washington dc,4404,292,22,4718,0.933,0.062,0.005,FY23_detentionStats06012023.xlsx
2023-06-03,atlanta,4465,289,339,5093,0.877,0.057,0.067,FY23_detentionStats06122023.xlsx
2023-06-03,baltimore,3330,60,93,3483,0.956,0.017,0.027,FY23_detentionStats06122023.xlsx
2023-06-03,boston,8521,85,3,8609,0.99,0.01,0,FY23_detentionStats06122023.xlsx
2023-06-03,buffalo,337,10,282,629,0.536,0.016,0.448,FY23_detentionStats06122023.xlsx
2023-06-03,chicago,12832,220,856,13908,0.923,0.016,0.062,FY23_detentionStats06122023.xlsx
2023-06-03,dallas,1640,74,5,1719,0.954,0.043,0.003,FY23_detentionStats06122023.xlsx
2023-06-03,denver,2652,19,141,2812,0.943,0.007,0.05,FY23_detentionStats06122023.xlsx
2023-06-03,detroit,9018,56,691,9765,0.924,0.006,0.071,FY23_detentionStats06122023.xlsx
2023-06-03,el paso,4495,86,300,4881,0.921,0.018,0.061,FY23_detentionStats06122023.xlsx
2023-06-03,harlingen,26031,130,856,27017,0.964,0.005,0.032,FY23_detentionStats06122023.xlsx
2023-06-03,houston,2769,327,6,3102,0.893,0.105,0.002,FY23_detentionStats06122023.xlsx
2023-06-03,los angeles,9789,430,1402,11621,0.842,0.037,0.121,FY23_detentionStats06122023.xlsx
2023-06-03,miami,19128,465,24,19617,0.975,0.024,0.001,FY23_detentionStats06122023.xlsx
2023-06-03,new orleans,4603,89,79,4771,0.965,0.019,0.017,FY23_detentionStats06122023.xlsx
2023-06-03,new york,9029,327,222,9578,0.943,0.034,0.023,FY23_detentionStats06122023.xlsx
2023-06-03,newark,13089,178,1374,14641,0.894,0.012,0.094,FY23_detentionStats06122023.xlsx
2023-06-03,philadelphia,9703,18,26,9747,0.995,0.002,0.003,FY23_detentionStats06122023.xlsx
2023-06-03,phoenix,8359,83,88,8530,0.98,0.01,0.01,FY23_detentionStats06122023.xlsx
2023-06-03,salt lake city,7472,65,122,7659,0.976,0.008,0.016,FY23_detentionStats06122023.xlsx
2023-06-03,san antonio,15390,79,1035,16504,0.933,0.005,0.063,FY23_detentionStats06122023.xlsx
2023-06-03,san diego,6212,137,136,6485,0.958,0.021,0.021,FY23_detentionStats06122023.xlsx
2023-06-03,san francisco,16029,698,2849,19576,0.819,0.036,0.146,FY23_detentionStats06122023.xlsx
2023-06-03,seattle,6489,112,432,7033,0.923,0.016,0.061,FY23_detentionStats06122023.xlsx
2023-06-03,st paul,2918,81,305,3304,0.883,0.025,0.092,FY23_detentionStats06122023.xlsx
2023-06-03,washington dc,4318,302,21,4641,0.93,0.065,0.005,FY23_detentionStats06122023.xlsx
2023-07-01,atlanta,4568,273,328,5169,0.884,0.053,0.063,FY23_detentionStats07102023.xlsx
2023-07-01,baltimore,3271,72,70,3413,0.958,0.021,0.021,FY23_detentionStats07102023.xlsx
2023-07-01,boston,7236,84,3,7323,0.988,0.011,0,FY23_detentionStats07102023.xlsx
2023-07-01,buffalo,329,7,276,612,0.538,0.011,0.451,FY23_detentionStats07102023.xlsx
2023-07-01,chicago,12644,228,810,13682,0.924,0.017,0.059,FY23_detentionStats07102023.xlsx
2023-07-01,dallas,1653,83,6,1742,0.949,0.048,0.003,FY23_detentionStats07102023.xlsx
2023-07-01,denver,2702,23,140,2865,0.943,0.008,0.049,FY23_detentionStats07102023.xlsx
2023-07-01,detroit,9186,61,675,9922,0.926,0.006,0.068,FY23_detentionStats07102023.xlsx
2023-07-01,el paso,3193,102,251,3546,0.9,0.029,0.071,FY23_detentionStats07102023.xlsx
2023-07-01,harlingen,20612,114,293,21019,0.981,0.005,0.014,FY23_detentionStats07102023.xlsx
2023-07-01,houston,2885,308,5,3198,0.902,0.096,0.002,FY23_detentionStats07102023.xlsx
2023-07-01,los angeles,9693,455,1278,11426,0.848,0.04,0.112,FY23_detentionStats07102023.xlsx
2023-07-01,miami,17442,419,23,17884,0.975,0.023,0.001,FY23_detentionStats07102023.xlsx
2023-07-01,new orleans,4596,89,62,4747,0.968,0.019,0.013,FY23_detentionStats07102023.xlsx
2023-07-01,new york,8870,310,208,9388,0.945,0.033,0.022,FY23_detentionStats07102023.xlsx
2023-07-01,newark,13024,221,1344,14589,0.893,0.015,0.092,FY23_detentionStats07102023.xlsx
2023-07-01,philadelphia,9646,21,25,9692,0.995,0.002,0.003,FY23_detentionStats07102023.xlsx
2023-07-01,phoenix,7678,116,75,7869,0.976,0.015,0.01,FY23_detentionStats07102023.xlsx
2023-07-01,salt lake city,7372,69,116,7557,0.976,0.009,0.015,FY23_detentionStats07102023.xlsx
2023-07-01,san antonio,13354,91,449,13894,0.961,0.007,0.032,FY23_detentionStats07102023.xlsx
2023-07-01,san diego,5883,155,131,6169,0.954,0.025,0.021,FY23_detentionStats07102023.xlsx
2023-07-01,san francisco,15919,681,2588,19188,0.83,0.035,0.135,FY23_detentionStats07102023.xlsx
2023-07-01,seattle,6498,119,419,7036,0.924,0.017,0.06,FY23_detentionStats07102023.xlsx
2023-07-01,st paul,2904,85,276,3265,0.889,0.026,0.085,FY23_detentionStats07102023.xlsx
2023-07-01,washington dc,4081,317,22,4420,0.923,0.072,0.005,FY23_detentionStats07102023.xlsx
2023-07-15,atlanta,4614,267,320,5201,0.887,0.051,0.062,FY23_detentionStats07202023.xlsx
2023-07-15,baltimore,3260,81,62,3403,0.958,0.024,0.018,FY23_detentionStats07202023.xlsx
2023-07-15,boston,7095,87,3,7185,0.987,0.012,0,FY23_detentionStats07202023.xlsx
2023-07-15,buffalo,321,8,275,604,0.531,0.013,0.455,FY23_detentionStats07202023.xlsx
2023-07-15,chicago,12463,256,786,13505,0.923,0.019,0.058,FY23_detentionStats07202023.xlsx
2023-07-15,dallas,1705,86,5,1796,0.949,0.048,0.003,FY23_detentionStats07202023.xlsx
2023-07-15,denver,2718,29,138,2885,0.942,0.01,0.048,FY23_detentionStats07202023.xlsx
2023-07-15,detroit,9253,73,668,9994,0.926,0.007,0.067,FY23_detentionStats07202023.xlsx
2023-07-15,el paso,2658,114,246,3018,0.881,0.038,0.082,FY23_detentionStats07202023.xlsx
2023-07-15,harlingen,18009,131,286,18426,0.977,0.007,0.016,FY23_detentionStats07202023.xlsx
2023-07-15,houston,2960,304,1,3265,0.907,0.093,0,FY23_detentionStats07202023.xlsx
2023-07-15,los angeles,9715,449,1209,11373,0.854,0.039,0.106,FY23_detentionStats07202023.xlsx
2023-07-15,miami,19040,435,21,19496,0.977,0.022,0.001,FY23_detentionStats07202023.xlsx
2023-07-15,new orleans,4232,85,41,4358,0.971,0.02,0.009,FY23_detentionStats07202023.xlsx
2023-07-15,new york,8798,309,208,9315,0.944,0.033,0.022,FY23_detentionStats07202023.xlsx
2023-07-15,newark,12884,259,1305,14448,0.892,0.018,0.09,FY23_detentionStats07202023.xlsx
2023-07-15,philadelphia,9511,19,25,9555,0.995,0.002,0.003,FY23_detentionStats07202023.xlsx
2023-07-15,phoenix,6789,116,73,6978,0.973,0.017,0.01,FY23_detentionStats07202023.xlsx
2023-07-15,salt lake city,7353,69,112,7534,0.976,0.009,0.015,FY23_detentionStats07202023.xlsx
2023-07-15,san antonio,12323,77,430,12830,0.96,0.006,0.034,FY23_detentionStats07202023.xlsx
2023-07-15,san diego,5659,165,125,5949,0.951,0.028,0.021,FY23_detentionStats07202023.xlsx
2023-07-15,san francisco,15793,684,2538,19015,0.831,0.036,0.133,FY23_detentionStats07202023.xlsx
2023-07-15,seattle,6507,111,404,7022,0.927,0.016,0.058,FY23_detentionStats07202023.xlsx
2023-07-15,st paul,2940,94,271,3305,0.89,0.028,0.082,FY23_detentionStats07202023.xlsx
2023-07-15,washington dc,4000,322,20,4342,0.921,0.074,0.005,FY23_detentionStats07202023.xlsx
2023-07-29,atlanta,4649,276,310,5235,0.888,0.053,0.059,FY23_detentionStats08032023.xlsx
2023-07-29,baltimore,3281,101,57,3439,0.954,0.029,0.017,FY23_detentionStats08032023.xlsx
2023-07-29,boston,7043,100,2,7145,0.986,0.014,0,FY23_detentionStats08032023.xlsx
2023-07-29,buffalo,317,9,270,596,0.532,0.015,0.453,FY23_detentionStats08032023.xlsx
2023-07-29,chicago,12258,261,766,13285,0.923,0.02,0.058,FY23_detentionStats08032023.xlsx
2023-07-29,dallas,1726,83,6,1815,0.951,0.046,0.003,FY23_detentionStats08032023.xlsx
2023-07-29,denver,2726,35,135,2896,0.941,0.012,0.047,FY23_detentionStats08032023.xlsx
2023-07-29,detroit,9324,79,657,10060,0.927,0.008,0.065,FY23_detentionStats08032023.xlsx
2023-07-29,el paso,1780,126,237,2143,0.831,0.059,0.111,FY23_detentionStats08032023.xlsx
2023-07-29,harlingen,14859,106,218,15183,0.979,0.007,0.014,FY23_detentionStats08032023.xlsx
2023-07-29,houston,2950,308,0,3258,0.905,0.095,0,FY23_detentionStats08032023.xlsx
2023-07-29,los angeles,9606,445,1195,11246,0.854,0.04,0.106,FY23_detentionStats08032023.xlsx
2023-07-29,miami,17254,430,19,17703,0.975,0.024,0.001,FY23_detentionStats08032023.xlsx
2023-07-29,new orleans,4211,96,39,4346,0.969,0.022,0.009,FY23_detentionStats08032023.xlsx
2023-07-29,new york,8788,310,207,9305,0.944,0.033,0.022,FY23_detentionStats08032023.xlsx
2023-07-29,newark,12671,272,1287,14230,0.89,0.019,0.09,FY23_detentionStats08032023.xlsx
2023-07-29,philadelphia,9240,22,23,9285,0.995,0.002,0.002,FY23_detentionStats08032023.xlsx
2023-07-29,phoenix,6167,102,71,6340,0.973,0.016,0.011,FY23_detentionStats08032023.xlsx
2023-07-29,salt lake city,7296,69,112,7477,0.976,0.009,0.015,FY23_detentionStats08032023.xlsx
2023-07-29,san antonio,11524,76,380,11980,0.962,0.006,0.032,FY23_detentionStats08032023.xlsx
2023-07-29,san diego,5154,176,109,5439,0.948,0.032,0.02,FY23_detentionStats08032023.xlsx
2023-07-29,san francisco,15744,686,2480,18910,0.833,0.036,0.131,FY23_detentionStats08032023.xlsx
2023-07-29,seattle,6518,113,390,7021,0.928,0.016,0.056,FY23_detentionStats08032023.xlsx
2023-07-29,st paul,2930,101,267,3298,0.888,0.031,0.081,FY23_detentionStats08032023.xlsx
2023-07-29,washington dc,3929,327,18,4274,0.919,0.077,0.004,FY23_detentionStats08032023.xlsx
2023-08-12,atlanta,4663,288,304,5255,0.887,0.055,0.058,FY23_detentionStats08182023.xlsx
2023-08-12,baltimore,3260,100,35,3395,0.96,0.029,0.01,FY23_detentionStats08182023.xlsx
2023-08-12,boston,6978,114,2,7094,0.984,0.016,0,FY23_detentionStats08182023.xlsx
2023-08-12,buffalo,309,6,263,578,0.535,0.01,0.455,FY23_detentionStats08182023.xlsx
2023-08-12,chicago,12224,274,751,13249,0.923,0.021,0.057,FY23_detentionStats08182023.xlsx
2023-08-12,dallas,1672,80,4,1756,0.952,0.046,0.002,FY23_detentionStats08182023.xlsx
2023-08-12,denver,2702,42,129,2873,0.94,0.015,0.045,FY23_detentionStats08182023.xlsx
2023-08-12,detroit,9436,84,640,10160,0.929,0.008,0.063,FY23_detentionStats08182023.xlsx
2023-08-12,el paso,1650,360,227,2237,0.738,0.161,0.101,FY23_detentionStats08182023.xlsx
2023-08-12,harlingen,14600,221,217,15038,0.971,0.015,0.014,FY23_detentionStats08182023.xlsx
2023-08-12,houston,2838,312,0,3150,0.901,0.099,0,FY23_detentionStats08182023.xlsx
2023-08-12,los angeles,9633,508,1125,11266,0.855,0.045,0.1,FY23_detentionStats08182023.xlsx
2023-08-12,miami,16273,401,19,16693,0.975,0.024,0.001,FY23_detentionStats08182023.xlsx
2023-08-12,new orleans,4196,98,37,4331,0.969,0.023,0.009,FY23_detentionStats08182023.xlsx
2023-08-12,new york,8772,308,204,9284,0.945,0.033,0.022,FY23_detentionStats08182023.xlsx
2023-08-12,newark,12566,286,1229,14081,0.892,0.02,0.087,FY23_detentionStats08182023.xlsx
2023-08-12,philadelphia,9041,24,22,9087,0.995,0.003,0.002,FY23_detentionStats08182023.xlsx
2023-08-12,phoenix,6398,172,69,6639,0.964,0.026,0.01,FY23_detentionStats08182023.xlsx
2023-08-12,salt lake city,7085,67,101,7253,0.977,0.009,0.014,FY23_detentionStats08182023.xlsx
2023-08-12,san antonio,12028,522,364,12914,0.931,0.04,0.028,FY23_detentionStats08182023.xlsx
2023-08-12,san diego,4536,212,106,4854,0.934,0.044,0.022,FY23_detentionStats08182023.xlsx
2023-08-12,san francisco,15718,702,2334,18754,0.838,0.037,0.124,FY23_detentionStats08182023.xlsx
2023-08-12,seattle,6554,116,370,7040,0.931,0.016,0.053,FY23_detentionStats08182023.xlsx
2023-08-12,st paul,2911,105,262,3278,0.888,0.032,0.08,FY23_detentionStats08182023.xlsx
2023-08-12,washington dc,3882,318,14,4214,0.921,0.075,0.003,FY23_detentionStats08182023.xlsx
2023-08-26,atlanta,4620,281,294,5195,0.889,0.054,0.057,FY23_detentionStats08312023.xlsx
2023-08-26,baltimore,3212,129,30,3371,0.953,0.038,0.009,FY23_detentionStats08312023.xlsx
2023-08-26,boston,6933,129,2,7064,0.981,0.018,0,FY23_detentionStats08312023.xlsx
2023-08-26,buffalo,316,7,258,581,0.544,0.012,0.444,FY23_detentionStats08312023.xlsx
2023-08-26,chicago,12398,302,737,13437,0.923,0.022,0.055,FY23_detentionStats08312023.xlsx
2023-08-26,dallas,1711,92,4,1807,0.947,0.051,0.002,FY23_detentionStats08312023.xlsx
2023-08-26,denver,2704,40,128,2872,0.942,0.014,0.045,FY23_detentionStats08312023.xlsx
2023-08-26,detroit,9493,92,618,10203,0.93,0.009,0.061,FY23_detentionStats08312023.xlsx
2023-08-26,el paso,1719,1356,217,3292,0.522,0.412,0.066,FY23_detentionStats08312023.xlsx
2023-08-26,harlingen,14222,1194,140,15556,0.914,0.077,0.009,FY23_detentionStats08312023.xlsx
2023-08-26,houston,2677,353,1,3031,0.883,0.116,0,FY23_detentionStats08312023.xlsx
2023-08-26,los angeles,9678,575,1077,11330,0.854,0.051,0.095,FY23_detentionStats08312023.xlsx
2023-08-26,miami,15585,418,18,16021,0.973,0.026,0.001,FY23_detentionStats08312023.xlsx
2023-08-26,new orleans,4221,153,37,4411,0.957,0.035,0.008,FY23_detentionStats08312023.xlsx
2023-08-26,new york,8590,321,193,9104,0.944,0.035,0.021,FY23_detentionStats08312023.xlsx
2023-08-26,newark,12591,307,1210,14108,0.892,0.022,0.086,FY23_detentionStats08312023.xlsx
2023-08-26,philadelphia,8958,29,21,9008,0.994,0.003,0.002,FY23_detentionStats08312023.xlsx
2023-08-26,phoenix,6913,208,68,7189,0.962,0.029,0.009,FY23_detentionStats08312023.xlsx
2023-08-26,salt lake city,6986,71,99,7156,0.976,0.01,0.014,FY23_detentionStats08312023.xlsx
2023-08-26,san antonio,11628,1731,348,13707,0.848,0.126,0.025,FY23_detentionStats08312023.xlsx
2023-08-26,san diego,3945,231,94,4270,0.924,0.054,0.022,FY23_detentionStats08312023.xlsx
2023-08-26,san francisco,15774,715,2228,18717,0.843,0.038,0.119,FY23_detentionStats08312023.xlsx
2023-08-26,seattle,6579,128,355,7062,0.932,0.018,0.05,FY23_detentionStats08312023.xlsx
2023-08-26,st paul,2922,108,257,3287,0.889,0.033,0.078,FY23_detentionStats08312023.xlsx
2023-08-26,washington dc,3826,318,11,4155,0.921,0.077,0.003,FY23_detentionStats08312023.xlsx
2023-09-09,atlanta,4598,290,306,5194,0.885,0.056,0.059,FY23_detentionStats09252023.xlsx
2023-09-09,baltimore,3261,103,86,3450,0.945,0.03,0.025,FY23_detentionStats09252023.xlsx
2023-09-09,boston,6952,105,39,7096,0.98,0.015,0.005,FY23_detentionStats09252023.xlsx
2023-09-09,buffalo,326,10,257,593,0.55,0.017,0.433,FY23_detentionStats09252023.xlsx
2023-09-09,chicago,12563,297,793,13653,0.92,0.022,0.058,FY23_detentionStats09252023.xlsx
2023-09-09,dallas,1818,113,12,1943,0.936,0.058,0.006,FY23_detentionStats09252023.xlsx
2023-09-09,denver,2713,24,148,2885,0.94,0.008,0.051,FY23_detentionStats09252023.xlsx
2023-09-09,detroit,9433,101,605,10139,0.93,0.01,0.06,FY23_detentionStats09252023.xlsx
2023-09-09,el paso,1792,1730,211,3733,0.48,0.463,0.057,FY23_detentionStats09252023.xlsx
2023-09-09,harlingen,13778,2062,199,16039,0.859,0.129,0.012,FY23_detentionStats09252023.xlsx
2023-09-09,houston,2504,344,17,2865,0.874,0.12,0.006,FY23_detentionStats09252023.xlsx
2023-09-09,los angeles,9793,585,1093,11471,0.854,0.051,0.095,FY23_detentionStats09252023.xlsx
2023-09-09,miami,15326,434,20,15780,0.971,0.028,0.001,FY23_detentionStats09252023.xlsx
2023-09-09,new orleans,4329,152,83,4564,0.949,0.033,0.018,FY23_detentionStats09252023.xlsx
2023-09-09,new york,8325,339,186,8850,0.941,0.038,0.021,FY23_detentionStats09252023.xlsx
2023-09-09,newark,12601,246,1276,14123,0.892,0.017,0.09,FY23_detentionStats09252023.xlsx
2023-09-09,philadelphia,8785,27,42,8854,0.992,0.003,0.005,FY23_detentionStats09252023.xlsx
2023-09-09,phoenix,7335,96,180,7611,0.964,0.013,0.024,FY23_detentionStats09252023.xlsx
2023-09-09,salt lake city,6953,72,103,7128,0.975,0.01,0.014,FY23_detentionStats09252023.xlsx
2023-09-09,san antonio,11602,2192,399,14193,0.817,0.154,0.028,FY23_detentionStats09252023.xlsx
2023-09-09,san diego,3606,221,96,3923,0.919,0.056,0.024,FY23_detentionStats09252023.xlsx
2023-09-09,san francisco,15887,688,2240,18815,0.844,0.037,0.119,FY23_detentionStats09252023.xlsx
2023-09-09,seattle,6603,122,359,7084,0.932,0.017,0.051,FY23_detentionStats09252023.xlsx
2023-09-09,st paul,2989,106,270,3365,0.888,0.032,0.08,FY23_detentionStats09252023.xlsx
2023-09-09,washington dc,3782,309,48,4139,0.914,0.075,0.012,FY23_detentionStats09252023.xlsx
2023-09-23,atlanta,4600,301,312,5213,0.882,0.058,0.06,FY23_detentionStats09292023.xlsx
2023-09-23,baltimore,3322,115,71,3508,0.947,0.033,0.02,FY23_detentionStats09292023.xlsx
2023-09-23,boston,6919,104,36,7059,0.98,0.015,0.005,FY23_detentionStats09292023.xlsx
2023-09-23,buffalo,344,9,255,608,0.566,0.015,0.419,FY23_detentionStats09292023.xlsx
2023-09-23,chicago,12572,390,769,13731,0.916,0.028,0.056,FY23_detentionStats09292023.xlsx
2023-09-23,dallas,2012,142,6,2160,0.931,0.066,0.003,FY23_detentionStats09292023.xlsx
2023-09-23,denver,2766,25,125,2916,0.949,0.009,0.043,FY23_detentionStats09292023.xlsx
2023-09-23,detroit,9391,90,589,10070,0.933,0.009,0.058,FY23_detentionStats09292023.xlsx
2023-09-23,el paso,1691,1386,202,3279,0.516,0.423,0.062,FY23_detentionStats09292023.xlsx
2023-09-23,harlingen,12492,2640,160,15292,0.817,0.173,0.01,FY23_detentionStats09292023.xlsx
2023-09-23,houston,2383,352,13,2748,0.867,0.128,0.005,FY23_detentionStats09292023.xlsx
2023-09-23,los angeles,9854,552,1032,11438,0.862,0.048,0.09,FY23_detentionStats09292023.xlsx
2023-09-23,miami,14553,416,19,14988,0.971,0.028,0.001,FY23_detentionStats09292023.xlsx
2023-09-23,new orleans,4477,190,85,4752,0.942,0.04,0.018,FY23_detentionStats09292023.xlsx
2023-09-23,new york,8254,352,181,8787,0.939,0.04,0.021,FY23_detentionStats09292023.xlsx
2023-09-23,newark,12558,245,1268,14071,0.892,0.017,0.09,FY23_detentionStats09292023.xlsx
2023-09-23,philadelphia,8473,25,28,8526,0.994,0.003,0.003,FY23_detentionStats09292023.xlsx
2023-09-23,phoenix,6666,108,105,6879,0.969,0.016,0.015,FY23_detentionStats09292023.xlsx
2023-09-23,salt lake city,6976,78,101,7155,0.975,0.011,0.014,FY23_detentionStats09292023.xlsx
2023-09-23,san antonio,11040,3016,318,14374,0.768,0.21,0.022,FY23_detentionStats09292023.xlsx
2023-09-23,san diego,3248,201,94,3543,0.917,0.057,0.027,FY23_detentionStats09292023.xlsx
2023-09-23,san francisco,15997,678,2140,18815,0.85,0.036,0.114,FY23_detentionStats09292023.xlsx
2023-09-23,seattle,6710,137,339,7186,0.934,0.019,0.047,FY23_detentionStats09292023.xlsx
2023-09-23,st paul,3057,116,256,3429,0.892,0.034,0.075,FY23_detentionStats09292023.xlsx
2023-09-23,washington dc,3752,313,40,4105,0.914,0.076,0.01,FY23_detentionStats09292023.xlsx
2023-10-07,atlanta,4649,317,297,5263,0.883,0.06,0.056,FY23_detentionStats10312023.xlsx
2023-10-07,baltimore,3395,128,64,3587,0.946,0.036,0.018,FY23_detentionStats10312023.xlsx
2023-10-07,boston,6881,114,28,7023,0.98,0.016,0.004,FY23_detentionStats10312023.xlsx
2023-10-07,buffalo,338,10,252,600,0.563,0.017,0.42,FY23_detentionStats10312023.xlsx
2023-10-07,chicago,12832,499,734,14065,0.912,0.035,0.052,FY23_detentionStats10312023.xlsx
2023-10-07,dallas,2267,159,16,2442,0.928,0.065,0.007,FY23_detentionStats10312023.xlsx
2023-10-07,denver,2828,30,78,2936,0.963,0.01,0.027,FY23_detentionStats10312023.xlsx
2023-10-07,detroit,9352,112,574,10038,0.932,0.011,0.057,FY23_detentionStats10312023.xlsx
2023-10-07,el paso,1432,969,189,2590,0.553,0.374,0.073,FY23_detentionStats10312023.xlsx
2023-10-07,harlingen,11261,2963,189,14413,0.781,0.206,0.013,FY23_detentionStats10312023.xlsx
2023-10-07,houston,2341,349,10,2700,0.867,0.129,0.004,FY23_detentionStats10312023.xlsx
2023-10-07,los angeles,9894,625,980,11499,0.86,0.054,0.085,FY23_detentionStats10312023.xlsx
2023-10-07,miami,17724,440,40,18204,0.974,0.024,0.002,FY23_detentionStats10312023.xlsx
2023-10-07,new orleans,4603,265,71,4939,0.932,0.054,0.014,FY23_detentionStats10312023.xlsx
2023-10-07,new york,8248,369,176,8793,0.938,0.042,0.02,FY23_detentionStats10312023.xlsx
2023-10-07,newark,12618,237,1240,14095,0.895,0.017,0.088,FY23_detentionStats10312023.xlsx
2023-10-07,philadelphia,8233,28,20,8281,0.994,0.003,0.002,FY23_detentionStats10312023.xlsx
2023-10-07,phoenix,5666,110,112,5888,0.962,0.019,0.019,FY23_detentionStats10312023.xlsx
2023-10-07,salt lake city,7034,73,87,7194,0.978,0.01,0.012,FY23_detentionStats10312023.xlsx
2023-10-07,san antonio,8804,3713,256,12773,0.689,0.291,0.02,FY23_detentionStats10312023.xlsx
2023-10-07,san diego,2932,256,90,3278,0.894,0.078,0.027,FY23_detentionStats10312023.xlsx
2023-10-07,san francisco,16022,674,2044,18740,0.855,0.036,0.109,FY23_detentionStats10312023.xlsx
2023-10-07,seattle,6774,138,317,7229,0.937,0.019,0.044,FY23_detentionStats10312023.xlsx
2023-10-07,st paul,3205,204,246,3655,0.877,0.056,0.067,FY23_detentionStats10312023.xlsx
2023-10-07,washington dc,3672,323,30,4025,0.912,0.08,0.007,FY23_detentionStats10312023.xlsx
2023-11-04,atlanta,4615,322,296,5233,0.882,0.062,0.057,FY24_detentionStats11152023.xlsx
2023-11-04,baltimore,3540,162,100,3802,0.931,0.043,0.026,FY24_detentionStats11152023.xlsx
2023-11-04,boston,6910,121,66,7097,0.974,0.017,0.009,FY24_detentionStats11152023.xlsx
2023-11-04,buffalo,327,8,243,578,0.566,0.014,0.42,FY24_detentionStats11152023.xlsx
2023-11-04,chicago,12981,737,739,14457,0.898,0.051,0.051,FY24_detentionStats11152023.xlsx
2023-11-04,dallas,2258,280,93,2631,0.858,0.106,0.035,FY24_detentionStats11152023.xlsx
2023-11-04,denver,2891,26,114,3031,0.954,0.009,0.038,FY24_detentionStats11152023.xlsx
2023-11-04,detroit,9303,146,566,10015,0.929,0.015,0.057,FY24_detentionStats11152023.xlsx
2023-11-04,el paso,1203,598,243,2044,0.589,0.293,0.119,FY24_detentionStats11152023.xlsx
2023-11-04,harlingen,10540,2671,218,13429,0.785,0.199,0.016,FY24_detentionStats11152023.xlsx
2023-11-04,houston,2265,394,41,2700,0.839,0.146,0.015,FY24_detentionStats11152023.xlsx
2023-11-04,los angeles,10060,606,1029,11695,0.86,0.052,0.088,FY24_detentionStats11152023.xlsx
2023-11-04,miami,14081,524,84,14689,0.959,0.036,0.006,FY24_detentionStats11152023.xlsx
2023-11-04,new orleans,4682,404,79,5165,0.906,0.078,0.015,FY24_detentionStats11152023.xlsx
2023-11-04,new york,7877,421,166,8464,0.931,0.05,0.02,FY24_detentionStats11152023.xlsx
2023-11-04,newark,12600,241,1260,14101,0.894,0.017,0.089,FY24_detentionStats11152023.xlsx
2023-11-04,philadelphia,7963,23,34,8020,0.993,0.003,0.004,FY24_detentionStats11152023.xlsx
2023-11-04,phoenix,5383,114,102,5599,0.961,0.02,0.018,FY24_detentionStats11152023.xlsx
2023-11-04,salt lake city,7078,75,102,7255,0.976,0.01,0.014,FY24_detentionStats11152023.xlsx
2023-11-04,san antonio,8168,4562,257,12987,0.629,0.351,0.02,FY24_detentionStats11152023.xlsx
2023-11-04,san diego,2834,203,109,3146,0.901,0.065,0.035,FY24_detentionStats11152023.xlsx
2023-11-04,san francisco,16319,686,1907,18912,0.863,0.036,0.101,FY24_detentionStats11152023.xlsx
2023-11-04,seattle,6964,173,282,7419,0.939,0.023,0.038,FY24_detentionStats11152023.xlsx
2023-11-04,st paul,3269,213,239,3721,0.879,0.057,0.064,FY24_detentionStats11152023.xlsx
2023-11-04,washington dc,3511,344,50,3905,0.899,0.088,0.013,FY24_detentionStats11152023.xlsx
2023-11-18,atlanta,4650,348,279,5277,0.881,0.066,0.053,FY24_detentionStats11222023.xlsx
2023-11-18,baltimore,3606,199,104,3909,0.922,0.051,0.027,FY24_detentionStats11222023.xlsx
2023-11-18,boston,6838,116,91,7045,0.971,0.016,0.013,FY24_detentionStats11222023.xlsx
2023-11-18,buffalo,337,9,240,586,0.575,0.015,0.41,FY24_detentionStats11222023.xlsx
2023-11-18,chicago,13069,838,710,14617,0.894,0.057,0.049,FY24_detentionStats11222023.xlsx
2023-11-18,dallas,2312,430,100,2842,0.814,0.151,0.035,FY24_detentionStats11222023.xlsx
2023-11-18,denver,2923,28,119,3070,0.952,0.009,0.039,FY24_detentionStats11222023.xlsx
2023-11-18,detroit,9293,161,559,10013,0.928,0.016,0.056,FY24_detentionStats11222023.xlsx
2023-11-18,el paso,1614,1173,235,3022,0.534,0.388,0.078,FY24_detentionStats11222023.xlsx
2023-11-18,harlingen,10283,2333,179,12795,0.804,0.182,0.014,FY24_detentionStats11222023.xlsx
2023-11-18,houston,2273,435,46,2754,0.825,0.158,0.017,FY24_detentionStats11222023.xlsx
2023-11-18,los angeles,10264,664,999,11927,0.861,0.056,0.084,FY24_detentionStats11222023.xlsx
2023-11-18,miami,13006,575,71,13652,0.953,0.042,0.005,FY24_detentionStats11222023.xlsx
2023-11-18,new orleans,4744,455,63,5262,0.902,0.086,0.012,FY24_detentionStats11222023.xlsx
2023-11-18,new york,7736,447,163,8346,0.927,0.054,0.02,FY24_detentionStats11222023.xlsx
2023-11-18,newark,12582,237,1235,14054,0.895,0.017,0.088,FY24_detentionStats11222023.xlsx
2023-11-18,philadelphia,7898,22,26,7946,0.994,0.003,0.003,FY24_detentionStats11222023.xlsx
2023-11-18,phoenix,5370,124,82,5576,0.963,0.022,0.015,FY24_detentionStats11222023.xlsx
2023-11-18,salt lake city,7089,77,93,7259,0.977,0.011,0.013,FY24_detentionStats11222023.xlsx
2023-11-18,san antonio,8051,4622,234,12907,0.624,0.358,0.018,FY24_detentionStats11222023.xlsx
2023-11-18,san diego,2825,190,106,3121,0.905,0.061,0.034,FY24_detentionStats11222023.xlsx
2023-11-18,san francisco,16424,635,1789,18848,0.871,0.034,0.095,FY24_detentionStats11222023.xlsx
2023-11-18,seattle,7039,173,275,7487,0.94,0.023,0.037,FY24_detentionStats11222023.xlsx
2023-11-18,st paul,3311,210,223,3744,0.884,0.056,0.06,FY24_detentionStats11222023.xlsx
2023-11-18,washington dc,3510,353,66,3929,0.893,0.09,0.017,FY24_detentionStats11222023.xlsx
2023-12-02,atlanta,4490,327,275,5092,0.882,0.064,0.054,FY24_detentionStats12072023.xlsx
2023-12-02,baltimore,3618,240,107,3965,0.912,0.061,0.027,FY24_detentionStats12072023.xlsx
2023-12-02,boston,6855,116,70,7041,0.974,0.016,0.01,FY24_detentionStats12072023.xlsx
2023-12-02,buffalo,342,10,234,586,0.584,0.017,0.399,FY24_detentionStats12072023.xlsx
2023-12-02,chicago,13267,945,679,14891,0.891,0.063,0.046,FY24_detentionStats12072023.xlsx
2023-12-02,dallas,2357,596,94,3047,0.774,0.196,0.031,FY24_detentionStats12072023.xlsx
2023-12-02,denver,2945,28,123,3096,0.951,0.009,0.04,FY24_detentionStats12072023.xlsx
2023-12-02,detroit,9258,163,553,9974,0.928,0.016,0.055,FY24_detentionStats12072023.xlsx
2023-12-02,el paso,2076,1863,233,4172,0.498,0.447,0.056,FY24_detentionStats12072023.xlsx
2023-12-02,harlingen,10140,2200,268,12608,0.804,0.174,0.021,FY24_detentionStats12072023.xlsx
2023-12-02,houston,2284,403,99,2786,0.82,0.145,0.036,FY24_detentionStats12072023.xlsx
2023-12-02,los angeles,10429,635,978,12042,0.866,0.053,0.081,FY24_detentionStats12072023.xlsx
2023-12-02,miami,12924,608,56,13588,0.951,0.045,0.004,FY24_detentionStats12072023.xlsx
2023-12-02,new orleans,4737,474,76,5287,0.896,0.09,0.014,FY24_detentionStats12072023.xlsx
2023-12-02,new york,7717,468,164,8349,0.924,0.056,0.02,FY24_detentionStats12072023.xlsx
2023-12-02,newark,12561,249,1214,14024,0.896,0.018,0.087,FY24_detentionStats12072023.xlsx
2023-12-02,philadelphia,7796,26,21,7843,0.994,0.003,0.003,FY24_detentionStats12072023.xlsx
2023-12-02,phoenix,5233,130,149,5512,0.949,0.024,0.027,FY24_detentionStats12072023.xlsx
2023-12-02,salt lake city,7102,84,89,7275,0.976,0.012,0.012,FY24_detentionStats12072023.xlsx
2023-12-02,san antonio,8016,4825,223,13064,0.614,0.369,0.017,FY24_detentionStats12072023.xlsx
2023-12-02,san diego,2645,166,82,2893,0.914,0.057,0.028,FY24_detentionStats12072023.xlsx
2023-12-02,san francisco,16512,630,1733,18875,0.875,0.033,0.092,FY24_detentionStats12072023.xlsx
2023-12-02,seattle,7049,215,274,7538,0.935,0.029,0.036,FY24_detentionStats12072023.xlsx
2023-12-02,st paul,3327,225,206,3758,0.885,0.06,0.055,FY24_detentionStats12072023.xlsx
2023-12-02,washington dc,3476,368,62,3906,0.89,0.094,0.016,FY24_detentionStats12072023.xlsx
2023-12-16,atlanta,4279,328,222,4829,0.886,0.068,0.046,FY24_detentionStats12202023.xlsx
2023-12-16,baltimore,3611,250,86,3947,0.915,0.063,0.022,FY24_detentionStats12202023.xlsx
2023-12-16,boston,6823,127,59,7009,0.973,0.018,0.008,FY24_detentionStats12202023.xlsx
2023-12-16,buffalo,338,8,230,576,0.587,0.014,0.399,FY24_detentionStats12202023.xlsx
2023-12-16,chicago,13476,1088,645,15209,0.886,0.072,0.042,FY24_detentionStats12202023.xlsx
2023-12-16,dallas,2378,792,64,3234,0.735,0.245,0.02,FY24_detentionStats12202023.xlsx
2023-12-16,denver,3005,33,122,3160,0.951,0.01,0.039,FY24_detentionStats12202023.xlsx
2023-12-16,detroit,9234,167,532,9933,0.93,0.017,0.054,FY24_detentionStats12202023.xlsx
2023-12-16,el paso,2022,1862,223,4107,0.492,0.453,0.054,FY24_detentionStats12202023.xlsx
2023-12-16,harlingen,11027,2379,108,13514,0.816,0.176,0.008,FY24_detentionStats12202023.xlsx
2023-12-16,houston,2279,388,111,2778,0.82,0.14,0.04,FY24_detentionStats12202023.xlsx
2023-12-16,los angeles,10559,617,939,12115,0.872,0.051,0.078,FY24_detentionStats12202023.xlsx
2023-12-16,miami,12916,628,69,13613,0.949,0.046,0.005,FY24_detentionStats12202023.xlsx
2023-12-16,new orleans,4740,520,76,5336,0.888,0.097,0.014,FY24_detentionStats12202023.xlsx
2023-12-16,new york,7447,489,161,8097,0.92,0.06,0.02,FY24_detentionStats12202023.xlsx
2023-12-16,newark,12667,238,1202,14107,0.898,0.017,0.085,FY24_detentionStats12202023.xlsx
2023-12-16,philadelphia,7597,20,27,7644,0.994,0.003,0.004,FY24_detentionStats12202023.xlsx
2023-12-16,phoenix,5321,120,119,5560,0.957,0.022,0.021,FY24_detentionStats12202023.xlsx
2023-12-16,salt lake city,7086,88,84,7258,0.976,0.012,0.012,FY24_detentionStats12202023.xlsx
2023-12-16,san antonio,8023,4837,209,13069,0.614,0.37,0.016,FY24_detentionStats12202023.xlsx
2023-12-16,san diego,2664,187,80,2931,0.909,0.064,0.027,FY24_detentionStats12202023.xlsx
2023-12-16,san francisco,16573,636,1628,18837,0.88,0.034,0.086,FY24_detentionStats12202023.xlsx
2023-12-16,seattle,7115,271,262,7648,0.93,0.035,0.034,FY24_detentionStats12202023.xlsx
2023-12-16,st paul,3367,227,191,3785,0.89,0.06,0.05,FY24_detentionStats12202023.xlsx
2023-12-16,washington dc,3454,368,45,3867,0.893,0.095,0.012,FY24_detentionStats12202023.xlsx
2023-12-30,atlanta,4265,327,195,4787,0.891,0.068,0.041,FY24_detentionStats01042024.xlsx
2023-12-30,baltimore,3626,256,67,3949,0.918,0.065,0.017,FY24_detentionStats01042024.xlsx
2023-12-30,boston,6824,136,40,7000,0.975,0.019,0.006,FY24_detentionStats01042024.xlsx
2023-12-30,buffalo,335,7,227,569,0.589,0.012,0.399,FY24_detentionStats01042024.xlsx
2023-12-30,chicago,13523,1195,630,15348,0.881,0.078,0.041,FY24_detentionStats01042024.xlsx
2023-12-30,dallas,2467,951,43,3461,0.713,0.275,0.012,FY24_detentionStats01042024.xlsx
2023-12-30,denver,3045,31,125,3201,0.951,0.01,0.039,FY24_detentionStats01042024.xlsx
2023-12-30,detroit,9186,178,527,9891,0.929,0.018,0.053,FY24_detentionStats01042024.xlsx
2023-12-30,el paso,1975,1693,213,3881,0.509,0.436,0.055,FY24_detentionStats01042024.xlsx
2023-12-30,harlingen,12490,2733,44,15267,0.818,0.179,0.003,FY24_detentionStats01042024.xlsx
2023-12-30,houston,2264,382,91,2737,0.827,0.14,0.033,FY24_detentionStats01042024.xlsx
2023-12-30,los angeles,10707,602,896,12205,0.877,0.049,0.073,FY24_detentionStats01042024.xlsx
2023-12-30,miami,12910,656,55,13621,0.948,0.048,0.004,FY24_detentionStats01042024.xlsx
2023-12-30,new orleans,4761,530,57,5348,0.89,0.099,0.011,FY24_detentionStats01042024.xlsx
2023-12-30,new york,7341,498,162,8001,0.918,0.062,0.02,FY24_detentionStats01042024.xlsx
2023-12-30,newark,12667,225,1186,14078,0.9,0.016,0.084,FY24_detentionStats01042024.xlsx
2023-12-30,philadelphia,7568,23,22,7613,0.994,0.003,0.003,FY24_detentionStats01042024.xlsx
2023-12-30,phoenix,5523,133,121,5777,0.956,0.023,0.021,FY24_detentionStats01042024.xlsx
2023-12-30,salt lake city,7097,100,84,7281,0.975,0.014,0.012,FY24_detentionStats01042024.xlsx
2023-12-30,san antonio,8339,5118,70,13527,0.616,0.378,0.005,FY24_detentionStats01042024.xlsx
2023-12-30,san diego,2847,178,93,3118,0.913,0.057,0.03,FY24_detentionStats01042024.xlsx
2023-12-30,san francisco,16708,649,1561,18918,0.883,0.034,0.083,FY24_detentionStats01042024.xlsx
2023-12-30,seattle,7113,306,252,7671,0.927,0.04,0.033,FY24_detentionStats01042024.xlsx
2023-12-30,st paul,3361,223,183,3767,0.892,0.059,0.049,FY24_detentionStats01042024.xlsx
2023-12-30,washington dc,3383,366,32,3781,0.895,0.097,0.008,FY24_detentionStats01042024.xlsx
2024-01-13,atlanta,4293,322,180,4795,0.895,0.067,0.038,FY24_detentionStats01182024.xlsx
2024-01-13,baltimore,3613,205,55,3873,0.933,0.053,0.014,FY24_detentionStats01182024.xlsx
2024-01-13,boston,6806,140,49,6995,0.973,0.02,0.007,FY24_detentionStats01182024.xlsx
2024-01-13,buffalo,351,10,226,587,0.598,0.017,0.385,FY24_detentionStats01182024.xlsx
2024-01-13,chicago,13590,1288,627,15505,0.876,0.083,0.04,FY24_detentionStats01182024.xlsx
2024-01-13,dallas,2515,1039,37,3591,0.7,0.289,0.01,FY24_detentionStats01182024.xlsx
2024-01-13,denver,3027,47,123,3197,0.947,0.015,0.038,FY24_detentionStats01182024.xlsx
2024-01-13,detroit,9124,186,508,9818,0.929,0.019,0.052,FY24_detentionStats01182024.xlsx
2024-01-13,el paso,1809,1432,209,3450,0.524,0.415,0.061,FY24_detentionStats01182024.xlsx
2024-01-13,harlingen,11715,2651,99,14465,0.81,0.183,0.007,FY24_detentionStats01182024.xlsx
2024-01-13,houston,2268,409,92,2769,0.819,0.148,0.033,FY24_detentionStats01182024.xlsx
2024-01-13,los angeles,10940,641,848,12429,0.88,0.052,0.068,FY24_detentionStats01182024.xlsx
2024-01-13,miami,12898,674,44,13616,0.947,0.05,0.003,FY24_detentionStats01182024.xlsx
2024-01-13,new orleans,4705,540,48,5293,0.889,0.102,0.009,FY24_detentionStats01182024.xlsx
2024-01-13,new york,7251,514,159,7924,0.915,0.065,0.02,FY24_detentionStats01182024.xlsx
2024-01-13,newark,12702,244,1160,14106,0.9,0.017,0.082,FY24_detentionStats01182024.xlsx
2024-01-13,philadelphia,7506,21,16,7543,0.995,0.003,0.002,FY24_detentionStats01182024.xlsx
2024-01-13,phoenix,5171,115,52,5338,0.969,0.022,0.01,FY24_detentionStats01182024.xlsx
2024-01-13,salt lake city,7139,92,85,7316,0.976,0.013,0.012,FY24_detentionStats01182024.xlsx
2024-01-13,san antonio,7799,4699,69,12567,0.621,0.374,0.005,FY24_detentionStats01182024.xlsx
2024-01-13,san diego,2755,178,80,3013,0.914,0.059,0.027,FY24_detentionStats01182024.xlsx
2024-01-13,san francisco,16887,636,1508,19031,0.887,0.033,0.079,FY24_detentionStats01182024.xlsx
2024-01-13,seattle,7158,366,251,7775,0.921,0.047,0.032,FY24_detentionStats01182024.xlsx
2024-01-13,st paul,3364,209,182,3755,0.896,0.056,0.048,FY24_detentionStats01182024.xlsx
2024-01-13,washington dc,3333,374,32,3739,0.891,0.1,0.009,FY24_detentionStats01182024.xlsx
2024-01-27,atlanta,4220,329,182,4731,0.892,0.07,0.038,FY24_detentionStats02012024.xlsx
2024-01-27,baltimore,3611,193,55,3859,0.936,0.05,0.014,FY24_detentionStats02012024.xlsx
2024-01-27,boston,6760,150,49,6959,0.971,0.022,0.007,FY24_detentionStats02012024.xlsx
2024-01-27,buffalo,357,9,225,591,0.604,0.015,0.381,FY24_detentionStats02012024.xlsx
2024-01-27,chicago,13757,1351,622,15730,0.875,0.086,0.04,FY24_detentionStats02012024.xlsx
2024-01-27,dallas,2405,970,57,3432,0.701,0.283,0.017,FY24_detentionStats02012024.xlsx
2024-01-27,denver,3058,48,106,3212,0.952,0.015,0.033,FY24_detentionStats02012024.xlsx
2024-01-27,detroit,9057,164,499,9720,0.932,0.017,0.051,FY24_detentionStats02012024.xlsx
2024-01-27,el paso,2015,1652,198,3865,0.521,0.427,0.051,FY24_detentionStats02012024.xlsx
2024-01-27,harlingen,10408,2383,148,12939,0.804,0.184,0.011,FY24_detentionStats02012024.xlsx
2024-01-27,houston,2245,405,97,2747,0.817,0.147,0.035,FY24_detentionStats02012024.xlsx
2024-01-27,los angeles,11191,622,833,12646,0.885,0.049,0.066,FY24_detentionStats02012024.xlsx
2024-01-27,miami,12755,663,48,13466,0.947,0.049,0.004,FY24_detentionStats02012024.xlsx
2024-01-27,new orleans,4701,545,49,5295,0.888,0.103,0.009,FY24_detentionStats02012024.xlsx
2024-01-27,new york,7189,530,156,7875,0.913,0.067,0.02,FY24_detentionStats02012024.xlsx
2024-01-27,newark,12649,253,1109,14011,0.903,0.018,0.079,FY24_detentionStats02012024.xlsx
2024-01-27,philadelphia,7359,19,20,7398,0.995,0.003,0.003,FY24_detentionStats02012024.xlsx
2024-01-27,phoenix,5053,129,97,5279,0.957,0.024,0.018,FY24_detentionStats02012024.xlsx
2024-01-27,salt lake city,7152,97,75,7324,0.977,0.013,0.01,FY24_detentionStats02012024.xlsx
2024-01-27,san antonio,7275,4082,82,11439,0.636,0.357,0.007,FY24_detentionStats02012024.xlsx
2024-01-27,san diego,2673,173,93,2939,0.909,0.059,0.032,FY24_detentionStats02012024.xlsx
2024-01-27,san francisco,16972,645,1435,19052,0.891,0.034,0.075,FY24_detentionStats02012024.xlsx
2024-01-27,seattle,7195,399,255,7849,0.917,0.051,0.032,FY24_detentionStats02012024.xlsx
2024-01-27,st paul,3382,217,142,3741,0.904,0.058,0.038,FY24_detentionStats02012024.xlsx
2024-01-27,washington dc,3270,385,26,3681,0.888,0.105,0.007,FY24_detentionStats02012024.xlsx
2024-02-10,atlanta,4261,339,191,4791,0.889,0.071,0.04,FY24_detentionStats02152024.xlsx
2024-02-10,baltimore,3514,169,48,3731,0.942,0.045,0.013,FY24_detentionStats02152024.xlsx
2024-02-10,boston,6587,157,65,6809,0.967,0.023,0.01,FY24_detentionStats02152024.xlsx
2024-02-10,buffalo,364,6,224,594,0.613,0.01,0.377,FY24_detentionStats02152024.xlsx
2024-02-10,chicago,13953,1449,626,16028,0.871,0.09,0.039,FY24_detentionStats02152024.xlsx
2024-02-10,dallas,2222,877,65,3164,0.702,0.277,0.021,FY24_detentionStats02152024.xlsx
2024-02-10,denver,3091,53,102,3246,0.952,0.016,0.031,FY24_detentionStats02152024.xlsx
2024-02-10,detroit,9016,170,475,9661,0.933,0.018,0.049,FY24_detentionStats02152024.xlsx
2024-02-10,el paso,1938,1959,194,4091,0.474,0.479,0.047,FY24_detentionStats02152024.xlsx
2024-02-10,harlingen,8422,2164,113,10699,0.787,0.202,0.011,FY24_detentionStats02152024.xlsx
2024-02-10,houston,2283,420,98,2801,0.815,0.15,0.035,FY24_detentionStats02152024.xlsx
2024-02-10,los angeles,11516,623,844,12983,0.887,0.048,0.065,FY24_detentionStats02152024.xlsx
2024-02-10,miami,12843,686,67,13596,0.945,0.05,0.005,FY24_detentionStats02152024.xlsx
2024-02-10,new orleans,4728,560,48,5336,0.886,0.105,0.009,FY24_detentionStats02152024.xlsx
2024-02-10,new york,7150,557,153,7860,0.91,0.071,0.019,FY24_detentionStats02152024.xlsx
2024-02-10,newark,12225,258,948,13431,0.91,0.019,0.071,FY24_detentionStats02152024.xlsx
2024-02-10,philadelphia,7278,24,27,7329,0.993,0.003,0.004,FY24_detentionStats02152024.xlsx
2024-02-10,phoenix,4755,525,111,5391,0.882,0.097,0.021,FY24_detentionStats02152024.xlsx
2024-02-10,salt lake city,7187,106,78,7371,0.975,0.014,0.011,FY24_detentionStats02152024.xlsx
2024-02-10,san antonio,6802,3341,84,10227,0.665,0.327,0.008,FY24_detentionStats02152024.xlsx
2024-02-10,san diego,2313,533,104,2950,0.784,0.181,0.035,FY24_detentionStats02152024.xlsx
2024-02-10,san francisco,17044,653,1361,19058,0.894,0.034,0.071,FY24_detentionStats02152024.xlsx
2024-02-10,seattle,7340,454,246,8040,0.913,0.056,0.031,FY24_detentionStats02152024.xlsx
2024-02-10,st paul,3421,246,135,3802,0.9,0.065,0.036,FY24_detentionStats02152024.xlsx
2024-02-10,washington dc,3246,388,36,3670,0.884,0.106,0.01,FY24_detentionStats02152024.xlsx
2024-02-24,atlanta,4274,376,180,4830,0.885,0.078,0.037,FY24_detentionStats02292024.xlsx
2024-02-24,baltimore,3438,168,53,3659,0.94,0.046,0.014,FY24_detentionStats02292024.xlsx
2024-02-24,boston,6435,169,98,6702,0.96,0.025,0.015,FY24_detentionStats02292024.xlsx
2024-02-24,buffalo,370,7,221,598,0.619,0.012,0.37,FY24_detentionStats02292024.xlsx
2024-02-24,chicago,14137,1522,615,16274,0.869,0.094,0.038,FY24_detentionStats02292024.xlsx
2024-02-24,dallas,2052,803,73,2928,0.701,0.274,0.025,FY24_detentionStats02292024.xlsx
2024-02-24,denver,3118,55,108,3281,0.95,0.017,0.033,FY24_detentionStats02292024.xlsx
2024-02-24,detroit,8934,172,458,9564,0.934,0.018,0.048,FY24_detentionStats02292024.xlsx
2024-02-24,el paso,1933,1989,196,4118,0.469,0.483,0.048,FY24_detentionStats02292024.xlsx
2024-02-24,harlingen,7108,2310,206,9624,0.739,0.24,0.021,FY24_detentionStats02292024.xlsx
2024-02-24,houston,2321,425,107,2853,0.814,0.149,0.038,FY24_detentionStats02292024.xlsx
2024-02-24,los angeles,11801,699,829,13329,0.885,0.052,0.062,FY24_detentionStats02292024.xlsx
2024-02-24,miami,12829,723,81,13633,0.941,0.053,0.006,FY24_detentionStats02292024.xlsx
2024-02-24,new orleans,4713,568,54,5335,0.883,0.106,0.01,FY24_detentionStats02292024.xlsx
2024-02-24,new york,7160,583,154,7897,0.907,0.074,0.02,FY24_detentionStats02292024.xlsx
2024-02-24,newark,12248,270,997,13515,0.906,0.02,0.074,FY24_detentionStats02292024.xlsx
2024-02-24,philadelphia,7173,28,33,7234,0.992,0.004,0.005,FY24_detentionStats02292024.xlsx
2024-02-24,phoenix,4318,590,119,5027,0.859,0.117,0.024,FY24_detentionStats02292024.xlsx
2024-02-24,salt lake city,7216,115,81,7412,0.974,0.016,0.011,FY24_detentionStats02292024.xlsx
2024-02-24,san antonio,6339,2875,77,9291,0.682,0.309,0.008,FY24_detentionStats02292024.xlsx
2024-02-24,san diego,1879,603,81,2563,0.733,0.235,0.032,FY24_detentionStats02292024.xlsx
2024-02-24,san francisco,17297,681,1249,19227,0.9,0.035,0.065,FY24_detentionStats02292024.xlsx
2024-02-24,seattle,7389,518,246,8153,0.906,0.064,0.03,FY24_detentionStats02292024.xlsx
2024-02-24,st paul,3472,280,135,3887,0.893,0.072,0.035,FY24_detentionStats02292024.xlsx
2024-02-24,washington dc,3225,403,39,3667,0.879,0.11,0.011,FY24_detentionStats02292024.xlsx
2024-03-09,atlanta,4375,382,167,4924,0.889,0.078,0.034,FY24_detentionStats03142024.xlsx
2024-03-09,baltimore,3432,162,69,3663,0.937,0.044,0.019,FY24_detentionStats03142024.xlsx
2024-03-09,boston,6347,179,101,6627,0.958,0.027,0.015,FY24_detentionStats03142024.xlsx
2024-03-09,buffalo,375,11,218,604,0.621,0.018,0.361,FY24_detentionStats03142024.xlsx
2024-03-09,chicago,14217,1552,623,16392,0.867,0.095,0.038,FY24_detentionStats03142024.xlsx
2024-03-09,dallas,1963,729,103,2795,0.702,0.261,0.037,FY24_detentionStats03142024.xlsx
2024-03-09,denver,3113,43,123,3279,0.949,0.013,0.038,FY24_detentionStats03142024.xlsx
2024-03-09,detroit,8821,179,357,9357,0.943,0.019,0.038,FY24_detentionStats03142024.xlsx
2024-03-09,el paso,1838,2276,185,4299,0.428,0.529,0.043,FY24_detentionStats03142024.xlsx
2024-03-09,harlingen,6268,2895,152,9315,0.673,0.311,0.016,FY24_detentionStats03142024.xlsx
2024-03-09,houston,2325,425,136,2886,0.806,0.147,0.047,FY24_detentionStats03142024.xlsx
2024-03-09,los angeles,11919,666,855,13440,0.887,0.05,0.064,FY24_detentionStats03142024.xlsx
2024-03-09,miami,12939,747,95,13781,0.939,0.054,0.007,FY24_detentionStats03142024.xlsx
2024-03-09,new orleans,4761,562,76,5399,0.882,0.104,0.014,FY24_detentionStats03142024.xlsx
2024-03-09,new york,7112,617,193,7922,0.898,0.078,0.024,FY24_detentionStats03142024.xlsx
2024-03-09,newark,12196,258,1004,13458,0.906,0.019,0.075,FY24_detentionStats03142024.xlsx
2024-03-09,philadelphia,7069,36,38,7143,0.99,0.005,0.005,FY24_detentionStats03142024.xlsx
2024-03-09,phoenix,4266,607,253,5126,0.832,0.118,0.049,FY24_detentionStats03142024.xlsx
2024-03-09,salt lake city,7188,144,87,7419,0.969,0.019,0.012,FY24_detentionStats03142024.xlsx
2024-03-09,san antonio,5957,2596,92,8645,0.689,0.3,0.011,FY24_detentionStats03142024.xlsx
2024-03-09,san diego,1701,813,66,2580,0.659,0.315,0.026,FY24_detentionStats03142024.xlsx
2024-03-09,san francisco,17269,686,1158,19113,0.904,0.036,0.061,FY24_detentionStats03142024.xlsx
2024-03-09,seattle,7463,554,288,8305,0.899,0.067,0.035,FY24_detentionStats03142024.xlsx
2024-03-09,st paul,3507,294,125,3926,0.893,0.075,0.032,FY24_detentionStats03142024.xlsx
2024-03-09,washington dc,3208,383,49,3640,0.881,0.105,0.013,FY24_detentionStats03142024.xlsx
2024-03-23,atlanta,4372,375,160,4907,0.891,0.076,0.033,FY24_detentionStats03292024.xlsx
2024-03-23,baltimore,3457,184,73,3714,0.931,0.05,0.02,FY24_detentionStats03292024.xlsx
2024-03-23,boston,6326,177,134,6637,0.953,0.027,0.02,FY24_detentionStats03292024.xlsx
2024-03-23,buffalo,391,50,211,652,0.6,0.077,0.324,FY24_detentionStats03292024.xlsx
2024-03-23,chicago,14365,1662,664,16691,0.861,0.1,0.04,FY24_detentionStats03292024.xlsx
2024-03-23,dallas,1916,698,137,2751,0.696,0.254,0.05,FY24_detentionStats03292024.xlsx
2024-03-23,denver,3147,39,138,3324,0.947,0.012,0.042,FY24_detentionStats03292024.xlsx
2024-03-23,detroit,8697,181,214,9092,0.957,0.02,0.024,FY24_detentionStats03292024.xlsx
2024-03-23,el paso,2175,2710,171,5056,0.43,0.536,0.034,FY24_detentionStats03292024.xlsx
2024-03-23,harlingen,5730,2954,118,8802,0.651,0.336,0.013,FY24_detentionStats03292024.xlsx
2024-03-23,houston,2339,434,157,2930,0.798,0.148,0.054,FY24_detentionStats03292024.xlsx
2024-03-23,los angeles,12092,668,863,13623,0.888,0.049,0.063,FY24_detentionStats03292024.xlsx
2024-03-23,miami,13044,782,129,13955,0.935,0.056,0.009,FY24_detentionStats03292024.xlsx
2024-03-23,new orleans,4794,574,75,5443,0.881,0.105,0.014,FY24_detentionStats03292024.xlsx
2024-03-23,new york,7160,672,215,8047,0.89,0.084,0.027,FY24_detentionStats03292024.xlsx
2024-03-23,newark,12166,263,994,13423,0.906,0.02,0.074,FY24_detentionStats03292024.xlsx
2024-03-23,philadelphia,6889,31,35,6955,0.991,0.004,0.005,FY24_detentionStats03292024.xlsx
2024-03-23,phoenix,4132,641,292,5065,0.816,0.127,0.058,FY24_detentionStats03292024.xlsx
2024-03-23,salt lake city,7014,150,88,7252,0.967,0.021,0.012,FY24_detentionStats03292024.xlsx
2024-03-23,san antonio,5582,2571,101,8254,0.676,0.311,0.012,FY24_detentionStats03292024.xlsx
2024-03-23,san diego,1603,718,58,2379,0.674,0.302,0.024,FY24_detentionStats03292024.xlsx
2024-03-23,san francisco,17321,702,1007,19030,0.91,0.037,0.053,FY24_detentionStats03292024.xlsx
2024-03-23,seattle,7488,605,349,8442,0.887,0.072,0.041,FY24_detentionStats03292024.xlsx
2024-03-23,st paul,3523,296,121,3940,0.894,0.075,0.031,FY24_detentionStats03292024.xlsx
2024-03-23,washington dc,3140,381,50,3571,0.879,0.107,0.014,FY24_detentionStats03292024.xlsx
2024-04-06,atlanta,4390,389,160,4939,0.889,0.079,0.032,FY24_detentionStats04122024.xlsx
2024-04-06,baltimore,3424,174,87,3685,0.929,0.047,0.024,FY24_detentionStats04122024.xlsx
2024-04-06,boston,6203,177,154,6534,0.949,0.027,0.024,FY24_detentionStats04122024.xlsx
2024-04-06,buffalo,399,212,208,819,0.487,0.259,0.254,FY24_detentionStats04122024.xlsx
2024-04-06,chicago,14414,1818,658,16890,0.853,0.108,0.039,FY24_detentionStats04122024.xlsx
2024-04-06,dallas,1847,653,156,2656,0.695,0.246,0.059,FY24_detentionStats04122024.xlsx
2024-04-06,denver,3172,55,148,3375,0.94,0.016,0.044,FY24_detentionStats04122024.xlsx
2024-04-06,detroit,8597,186,216,8999,0.955,0.021,0.024,FY24_detentionStats04122024.xlsx
2024-04-06,el paso,2284,3679,168,6131,0.373,0.6,0.027,FY24_detentionStats04122024.xlsx
2024-04-06,harlingen,5260,2861,111,8232,0.639,0.348,0.013,FY24_detentionStats04122024.xlsx
2024-04-06,houston,2391,499,142,3032,0.789,0.165,0.047,FY24_detentionStats04122024.xlsx
2024-04-06,los angeles,12179,694,884,13757,0.885,0.05,0.064,FY24_detentionStats04122024.xlsx
2024-04-06,miami,13027,806,148,13981,0.932,0.058,0.011,FY24_detentionStats04122024.xlsx
2024-04-06,new orleans,4834,572,78,5484,0.881,0.104,0.014,FY24_detentionStats04122024.xlsx
2024-04-06,new york,7153,725,236,8114,0.882,0.089,0.029,FY24_detentionStats04122024.xlsx
2024-04-06,newark,12201,277,985,13463,0.906,0.021,0.073,FY24_detentionStats04122024.xlsx
2024-04-06,philadelphia,6647,32,74,6753,0.984,0.005,0.011,FY24_detentionStats04122024.xlsx
2024-04-06,phoenix,4050,532,352,4934,0.821,0.108,0.071,FY24_detentionStats04122024.xlsx
2024-04-06,salt lake city,7003,144,89,7236,0.968,0.02,0.012,FY24_detentionStats04122024.xlsx
2024-04-06,san antonio,5149,2402,103,7654,0.673,0.314,0.013,FY24_detentionStats04122024.xlsx
2024-04-06,san diego,1538,660,62,2260,0.681,0.292,0.027,FY24_detentionStats04122024.xlsx
2024-04-06,san francisco,17313,686,888,18887,0.917,0.036,0.047,FY24_detentionStats04122024.xlsx
2024-04-06,seattle,7538,599,463,8600,0.877,0.07,0.054,FY24_detentionStats04122024.xlsx
2024-04-06,st paul,3546,295,126,3967,0.894,0.074,0.032,FY24_detentionStats04122024.xlsx
2024-04-06,washington dc,3094,386,39,3519,0.879,0.11,0.011,FY24_detentionStats04122024.xlsx
2024-04-20,atlanta,4401,392,152,4945,0.89,0.079,0.031,FY24_detentionStats04252024.xlsx
2024-04-20,baltimore,3362,199,83,3644,0.923,0.055,0.023,FY24_detentionStats04252024.xlsx
2024-04-20,boston,6185,179,175,6539,0.946,0.027,0.027,FY24_detentionStats04252024.xlsx
2024-04-20,buffalo,419,310,204,933,0.449,0.332,0.219,FY24_detentionStats04252024.xlsx
2024-04-20,chicago,14579,1963,673,17215,0.847,0.114,0.039,FY24_detentionStats04252024.xlsx
2024-04-20,dallas,1828,641,164,2633,0.694,0.243,0.062,FY24_detentionStats04252024.xlsx
2024-04-20,denver,3161,40,154,3355,0.942,0.012,0.046,FY24_detentionStats04252024.xlsx
2024-04-20,detroit,8383,204,210,8797,0.953,0.023,0.024,FY24_detentionStats04252024.xlsx
2024-04-20,el paso,2212,5239,193,7644,0.289,0.685,0.025,FY24_detentionStats04252024.xlsx
2024-04-20,harlingen,4988,2136,191,7315,0.682,0.292,0.026,FY24_detentionStats04252024.xlsx
2024-04-20,houston,2528,598,146,3272,0.773,0.183,0.045,FY24_detentionStats04252024.xlsx
2024-04-20,los angeles,12289,673,885,13847,0.887,0.049,0.064,FY24_detentionStats04252024.xlsx
2024-04-20,miami,12968,835,150,13953,0.929,0.06,0.011,FY24_detentionStats04252024.xlsx
2024-04-20,new orleans,4840,635,86,5561,0.87,0.114,0.015,FY24_detentionStats04252024.xlsx
2024-04-20,new york,7187,782,252,8221,0.874,0.095,0.031,FY24_detentionStats04252024.xlsx
2024-04-20,newark,12021,291,952,13264,0.906,0.022,0.072,FY24_detentionStats04252024.xlsx
2024-04-20,philadelphia,6480,43,155,6678,0.97,0.006,0.023,FY24_detentionStats04252024.xlsx
2024-04-20,phoenix,4037,748,252,5037,0.801,0.149,0.05,FY24_detentionStats04252024.xlsx
2024-04-20,salt lake city,6965,157,77,7199,0.967,0.022,0.011,FY24_detentionStats04252024.xlsx
2024-04-20,san antonio,4904,2275,107,7286,0.673,0.312,0.015,FY24_detentionStats04252024.xlsx
2024-04-20,san diego,1480,550,58,2088,0.709,0.263,0.028,FY24_detentionStats04252024.xlsx
2024-04-20,san francisco,17286,685,659,18630,0.928,0.037,0.035,FY24_detentionStats04252024.xlsx
2024-04-20,seattle,7684,606,507,8797,0.873,0.069,0.058,FY24_detentionStats04252024.xlsx
2024-04-20,st paul,3569,320,131,4020,0.888,0.08,0.033,FY24_detentionStats04252024.xlsx
2024-04-20,washington dc,3038,372,35,3445,0.882,0.108,0.01,FY24_detentionStats04252024.xlsx
2024-05-04,atlanta,4343,406,150,4899,0.887,0.083,0.031,FY24_detentionStats05132024.xlsx
2024-05-04,baltimore,3291,201,93,3585,0.918,0.056,0.026,FY24_detentionStats05132024.xlsx
2024-05-04,boston,6091,177,208,6476,0.941,0.027,0.032,FY24_detentionStats05132024.xlsx
2024-05-04,buffalo,443,388,201,1032,0.429,0.376,0.195,FY24_detentionStats05132024.xlsx
2024-05-04,chicago,14680,2101,686,17467,0.84,0.12,0.039,FY24_detentionStats05132024.xlsx
2024-05-04,dallas,1824,698,155,2677,0.681,0.261,0.058,FY24_detentionStats05132024.xlsx
2024-05-04,denver,3197,42,149,3388,0.944,0.012,0.044,FY24_detentionStats05132024.xlsx
2024-05-04,detroit,8289,209,207,8705,0.952,0.024,0.024,FY24_detentionStats05132024.xlsx
2024-05-04,el paso,2488,5504,232,8224,0.303,0.669,0.028,FY24_detentionStats05132024.xlsx
2024-05-04,harlingen,4732,2046,379,7157,0.661,0.286,0.053,FY24_detentionStats05132024.xlsx
2024-05-04,houston,2661,665,139,3465,0.768,0.192,0.04,FY24_detentionStats05132024.xlsx
2024-05-04,los angeles,12415,674,892,13981,0.888,0.048,0.064,FY24_detentionStats05132024.xlsx
2024-05-04,miami,12982,844,144,13970,0.929,0.06,0.01,FY24_detentionStats05132024.xlsx
2024-05-04,new orleans,4872,647,93,5612,0.868,0.115,0.017,FY24_detentionStats05132024.xlsx
2024-05-04,new york,7266,816,270,8352,0.87,0.098,0.032,FY24_detentionStats05132024.xlsx
2024-05-04,newark,11945,294,891,13130,0.91,0.022,0.068,FY24_detentionStats05132024.xlsx
2024-05-04,philadelphia,6371,58,237,6666,0.956,0.009,0.036,FY24_detentionStats05132024.xlsx
2024-05-04,phoenix,4041,537,163,4741,0.852,0.113,0.034,FY24_detentionStats05132024.xlsx
2024-05-04,salt lake city,6935,164,76,7175,0.967,0.023,0.011,FY24_detentionStats05132024.xlsx
2024-05-04,san antonio,4665,2156,150,6971,0.669,0.309,0.022,FY24_detentionStats05132024.xlsx
2024-05-04,san diego,1447,506,62,2015,0.718,0.251,0.031,FY24_detentionStats05132024.xlsx
2024-05-04,san francisco,17077,656,440,18173,0.94,0.036,0.024,FY24_detentionStats05132024.xlsx
2024-05-04,seattle,7731,634,547,8912,0.867,0.071,0.061,FY24_detentionStats05132024.xlsx
2024-05-04,st paul,3587,325,135,4047,0.886,0.08,0.033,FY24_detentionStats05132024.xlsx
2024-05-04,washington dc,2938,391,57,3386,0.868,0.115,0.017,FY24_detentionStats05132024.xlsx
2024-05-18,atlanta,4350,392,147,4889,0.89,0.08,0.03,FY24_detentionStats05242024.xlsx
2024-05-18,baltimore,3232,219,108,3559,0.908,0.062,0.03,FY24_detentionStats05242024.xlsx
2024-05-18,boston,6067,193,290,6550,0.926,0.029,0.044,FY24_detentionStats05242024.xlsx
2024-05-18,buffalo,469,300,201,970,0.484,0.309,0.207,FY24_detentionStats05242024.xlsx
2024-05-18,chicago,14650,2288,663,17601,0.832,0.13,0.038,FY24_detentionStats05242024.xlsx
2024-05-18,dallas,1808,724,182,2714,0.666,0.267,0.067,FY24_detentionStats05242024.xlsx
2024-05-18,denver,3179,37,163,3379,0.941,0.011,0.048,FY24_detentionStats05242024.xlsx
2024-05-18,detroit,8207,206,190,8603,0.954,0.024,0.022,FY24_detentionStats05242024.xlsx
2024-05-18,el paso,2252,6169,238,8659,0.26,0.712,0.027,FY24_detentionStats05242024.xlsx
2024-05-18,harlingen,4394,1526,558,6478,0.678,0.236,0.086,FY24_detentionStats05242024.xlsx
2024-05-18,houston,2741,669,139,3549,0.772,0.189,0.039,FY24_detentionStats05242024.xlsx
2024-05-18,los angeles,12461,739,951,14151,0.881,0.052,0.067,FY24_detentionStats05242024.xlsx
2024-05-18,miami,12965,915,149,14029,0.924,0.065,0.011,FY24_detentionStats05242024.xlsx
2024-05-18,new orleans,4837,608,95,5540,0.873,0.11,0.017,FY24_detentionStats05242024.xlsx
2024-05-18,new york,7297,891,291,8479,0.861,0.105,0.034,FY24_detentionStats05242024.xlsx
2024-05-18,newark,11903,286,858,13047,0.912,0.022,0.066,FY24_detentionStats05242024.xlsx
2024-05-18,philadelphia,6260,63,297,6620,0.946,0.01,0.045,FY24_detentionStats05242024.xlsx
2024-05-18,phoenix,3881,488,161,4530,0.857,0.108,0.036,FY24_detentionStats05242024.xlsx
2024-05-18,salt lake city,6894,163,86,7143,0.965,0.023,0.012,FY24_detentionStats05242024.xlsx
2024-05-18,san antonio,4564,1983,295,6842,0.667,0.29,0.043,FY24_detentionStats05242024.xlsx
2024-05-18,san diego,1432,512,51,1995,0.718,0.257,0.026,FY24_detentionStats05242024.xlsx
2024-05-18,san francisco,17063,682,476,18221,0.936,0.037,0.026,FY24_detentionStats05242024.xlsx
2024-05-18,seattle,7813,653,604,9070,0.861,0.072,0.067,FY24_detentionStats05242024.xlsx
2024-05-18,st paul,3626,335,131,4092,0.886,0.082,0.032,FY24_detentionStats05242024.xlsx
2024-05-18,washington dc,2857,439,77,3373,0.847,0.13,0.023,FY24_detentionStats05242024.xlsx
2024-06-01,atlanta,4328,393,150,4871,0.889,0.081,0.031,FY24_detentionStats06062024.xlsx
2024-06-01,baltimore,3197,238,96,3531,0.905,0.067,0.027,FY24_detentionStats06062024.xlsx
2024-06-01,boston,6061,223,334,6618,0.916,0.034,0.05,FY24_detentionStats06062024.xlsx
2024-06-01,buffalo,477,126,198,801,0.596,0.157,0.247,FY24_detentionStats06062024.xlsx
2024-06-01,chicago,14816,2354,664,17834,0.831,0.132,0.037,FY24_detentionStats06062024.xlsx
2024-06-01,dallas,1800,728,190,2718,0.662,0.268,0.07,FY24_detentionStats06062024.xlsx
2024-06-01,denver,3201,38,159,3398,0.942,0.011,0.047,FY24_detentionStats06062024.xlsx
2024-06-01,detroit,8111,200,178,8489,0.955,0.024,0.021,FY24_detentionStats06062024.xlsx
2024-06-01,el paso,2255,6603,289,9147,0.247,0.722,0.032,FY24_detentionStats06062024.xlsx
2024-06-01,harlingen,4243,1350,612,6205,0.684,0.218,0.099,FY24_detentionStats06062024.xlsx
2024-06-01,houston,2739,624,155,3518,0.779,0.177,0.044,FY24_detentionStats06062024.xlsx
2024-06-01,los angeles,12610,803,989,14402,0.876,0.056,0.069,FY24_detentionStats06062024.xlsx
2024-06-01,miami,12967,913,169,14049,0.923,0.065,0.012,FY24_detentionStats06062024.xlsx
2024-06-01,new orleans,4817,557,112,5486,0.878,0.102,0.02,FY24_detentionStats06062024.xlsx
2024-06-01,new york,7412,898,318,8628,0.859,0.104,0.037,FY24_detentionStats06062024.xlsx
2024-06-01,newark,11725,301,806,12832,0.914,0.023,0.063,FY24_detentionStats06062024.xlsx
2024-06-01,philadelphia,6235,64,354,6653,0.937,0.01,0.053,FY24_detentionStats06062024.xlsx
2024-06-01,phoenix,3817,528,166,4511,0.846,0.117,0.037,FY24_detentionStats06062024.xlsx
2024-06-01,salt lake city,6832,180,93,7105,0.962,0.025,0.013,FY24_detentionStats06062024.xlsx
2024-06-01,san antonio,4353,1906,493,6752,0.645,0.282,0.073,FY24_detentionStats06062024.xlsx
2024-06-01,san diego,1404,688,48,2140,0.656,0.321,0.022,FY24_detentionStats06062024.xlsx
2024-06-01,san francisco,17160,722,470,18352,0.935,0.039,0.026,FY24_detentionStats06062024.xlsx
2024-06-01,seattle,7896,637,640,9173,0.861,0.069,0.07,FY24_detentionStats06062024.xlsx
2024-06-01,st paul,3650,360,148,4158,0.878,0.087,0.036,FY24_detentionStats06062024.xlsx
2024-06-01,washington dc,2714,503,89,3306,0.821,0.152,0.027,FY24_detentionStats06062024.xlsx
2024-06-15,atlanta,4312,386,159,4857,0.888,0.079,0.033,FY24_detentionStats06202024.xlsx
2024-06-15,baltimore,3139,254,137,3530,0.889,0.072,0.039,FY24_detentionStats06202024.xlsx
2024-06-15,boston,6070,181,433,6684,0.908,0.027,0.065,FY24_detentionStats06202024.xlsx
2024-06-15,buffalo,496,101,203,800,0.62,0.126,0.254,FY24_detentionStats06202024.xlsx
2024-06-15,chicago,15028,2426,665,18119,0.829,0.134,0.037,FY24_detentionStats06202024.xlsx
2024-06-15,dallas,1792,644,173,2609,0.687,0.247,0.066,FY24_detentionStats06202024.xlsx
2024-06-15,denver,3191,67,156,3414,0.935,0.02,0.046,FY24_detentionStats06202024.xlsx
2024-06-15,detroit,8043,182,152,8377,0.96,0.022,0.018,FY24_detentionStats06202024.xlsx
2024-06-15,el paso,2145,5225,357,7727,0.278,0.676,0.046,FY24_detentionStats06202024.xlsx
2024-06-15,harlingen,3992,1134,542,5668,0.704,0.2,0.096,FY24_detentionStats06202024.xlsx
2024-06-15,houston,2716,546,132,3394,0.8,0.161,0.039,FY24_detentionStats06202024.xlsx
2024-06-15,los angeles,12705,811,1022,14538,0.874,0.056,0.07,FY24_detentionStats06202024.xlsx
2024-06-15,miami,12864,942,185,13991,0.919,0.067,0.013,FY24_detentionStats06202024.xlsx
2024-06-15,new orleans,4851,567,119,5537,0.876,0.102,0.021,FY24_detentionStats06202024.xlsx
2024-06-15,new york,7204,812,369,8385,0.859,0.097,0.044,FY24_detentionStats06202024.xlsx
2024-06-15,newark,11484,301,776,12561,0.914,0.024,0.062,FY24_detentionStats06202024.xlsx
2024-06-15,philadelphia,6176,74,393,6643,0.93,0.011,0.059,FY24_detentionStats06202024.xlsx
2024-06-15,phoenix,3659,597,99,4355,0.84,0.137,0.023,FY24_detentionStats06202024.xlsx
2024-06-15,salt lake city,6837,186,91,7114,0.961,0.026,0.013,FY24_detentionStats06202024.xlsx
2024-06-15,san antonio,4039,1742,436,6217,0.65,0.28,0.07,FY24_detentionStats06202024.xlsx
2024-06-15,san diego,1375,595,81,2051,0.67,0.29,0.039,FY24_detentionStats06202024.xlsx
2024-06-15,san francisco,17128,731,478,18337,0.934,0.04,0.026,FY24_detentionStats06202024.xlsx
2024-06-15,seattle,8001,645,692,9338,0.857,0.069,0.074,FY24_detentionStats06202024.xlsx
2024-06-15,st paul,3670,350,143,4163,0.882,0.084,0.034,FY24_detentionStats06202024.xlsx
2024-06-15,washington dc,2504,499,87,3090,0.81,0.161,0.028,FY24_detentionStats06202024.xlsx
2024-06-29,atlanta,4283,383,144,4810,0.89,0.08,0.03,FY24_detentionStats07082024.xlsx
2024-06-29,baltimore,3123,240,135,3498,0.893,0.069,0.039,FY24_detentionStats07082024.xlsx
2024-06-29,boston,6100,193,446,6739,0.905,0.029,0.066,FY24_detentionStats07082024.xlsx
2024-06-29,buffalo,512,74,202,788,0.65,0.094,0.256,FY24_detentionStats07082024.xlsx
2024-06-29,chicago,15207,2587,684,18478,0.823,0.14,0.037,FY24_detentionStats07082024.xlsx
2024-06-29,dallas,1730,518,143,2391,0.724,0.217,0.06,FY24_detentionStats07082024.xlsx
2024-06-29,denver,3190,102,139,3431,0.93,0.03,0.041,FY24_detentionStats07082024.xlsx
2024-06-29,detroit,7913,175,147,8235,0.961,0.021,0.018,FY24_detentionStats07082024.xlsx
2024-06-29,el paso,2018,4242,395,6655,0.303,0.637,0.059,FY24_detentionStats07082024.xlsx
2024-06-29,harlingen,3817,1019,492,5328,0.716,0.191,0.092,FY24_detentionStats07082024.xlsx
2024-06-29,houston,2714,503,130,3347,0.811,0.15,0.039,FY24_detentionStats07082024.xlsx
2024-06-29,los angeles,12885,814,1049,14748,0.874,0.055,0.071,FY24_detentionStats07082024.xlsx
2024-06-29,miami,12846,954,168,13968,0.92,0.068,0.012,FY24_detentionStats07082024.xlsx
2024-06-29,new orleans,4865,515,115,5495,0.885,0.094,0.021,FY24_detentionStats07082024.xlsx
2024-06-29,new york,7101,823,419,8343,0.851,0.099,0.05,FY24_detentionStats07082024.xlsx
2024-06-29,newark,11375,287,739,12401,0.917,0.023,0.06,FY24_detentionStats07082024.xlsx
2024-06-29,philadelphia,6094,77,403,6574,0.927,0.012,0.061,FY24_detentionStats07082024.xlsx
2024-06-29,phoenix,3474,701,59,4234,0.821,0.166,0.014,FY24_detentionStats07082024.xlsx
2024-06-29,salt lake city,6760,184,87,7031,0.961,0.026,0.012,FY24_detentionStats07082024.xlsx
2024-06-29,san antonio,3915,2013,353,6281,0.623,0.32,0.056,FY24_detentionStats07082024.xlsx
2024-06-29,san diego,1361,455,113,1929,0.706,0.236,0.059,FY24_detentionStats07082024.xlsx
2024-06-29,san francisco,17192,749,506,18447,0.932,0.041,0.027,FY24_detentionStats07082024.xlsx
2024-06-29,seattle,8104,666,748,9518,0.851,0.07,0.079,FY24_detentionStats07082024.xlsx
2024-06-29,st paul,3680,327,124,4131,0.891,0.079,0.03,FY24_detentionStats07082024.xlsx
2024-06-29,washington dc,2433,430,98,2961,0.822,0.145,0.033,FY24_detentionStats07082024.xlsx
2024-07-13,atlanta,4310,389,142,4841,0.89,0.08,0.029,FY24_detentionStats07182024.xlsx
2024-07-13,baltimore,3137,256,142,3535,0.887,0.072,0.04,FY24_detentionStats07182024.xlsx
2024-07-13,boston,6085,179,457,6721,0.905,0.027,0.068,FY24_detentionStats07182024.xlsx
2024-07-13,buffalo,516,57,202,775,0.666,0.074,0.261,FY24_detentionStats07182024.xlsx
2024-07-13,chicago,15605,2726,672,19003,0.821,0.143,0.035,FY24_detentionStats07182024.xlsx
2024-07-13,dallas,1716,440,134,2290,0.749,0.192,0.059,FY24_detentionStats07182024.xlsx
2024-07-13,denver,3201,92,132,3425,0.935,0.027,0.039,FY24_detentionStats07182024.xlsx
2024-07-13,detroit,7852,169,136,8157,0.963,0.021,0.017,FY24_detentionStats07182024.xlsx
2024-07-13,el paso,1932,3263,428,5623,0.344,0.58,0.076,FY24_detentionStats07182024.xlsx
2024-07-13,harlingen,3514,886,460,4860,0.723,0.182,0.095,FY24_detentionStats07182024.xlsx
2024-07-13,houston,2691,467,121,3279,0.821,0.142,0.037,FY24_detentionStats07182024.xlsx
2024-07-13,los angeles,12913,799,1048,14760,0.875,0.054,0.071,FY24_detentionStats07182024.xlsx
2024-07-13,miami,12785,976,176,13937,0.917,0.07,0.013,FY24_detentionStats07182024.xlsx
2024-07-13,new orleans,4894,491,107,5492,0.891,0.089,0.019,FY24_detentionStats07182024.xlsx
2024-07-13,new york,6767,859,482,8108,0.835,0.106,0.059,FY24_detentionStats07182024.xlsx
2024-07-13,newark,11272,284,724,12280,0.918,0.023,0.059,FY24_detentionStats07182024.xlsx
2024-07-13,philadelphia,6008,92,422,6522,0.921,0.014,0.065,FY24_detentionStats07182024.xlsx
2024-07-13,phoenix,3337,763,26,4126,0.809,0.185,0.006,FY24_detentionStats07182024.xlsx
2024-07-13,salt lake city,6715,198,79,6992,0.96,0.028,0.011,FY24_detentionStats07182024.xlsx
2024-07-13,san antonio,3599,2091,345,6035,0.596,0.346,0.057,FY24_detentionStats07182024.xlsx
2024-07-13,san diego,1343,430,154,1927,0.697,0.223,0.08,FY24_detentionStats07182024.xlsx
2024-07-13,san francisco,17150,746,534,18430,0.931,0.04,0.029,FY24_detentionStats07182024.xlsx
2024-07-13,seattle,8184,686,794,9664,0.847,0.071,0.082,FY24_detentionStats07182024.xlsx
2024-07-13,st paul,3662,338,127,4127,0.887,0.082,0.031,FY24_detentionStats07182024.xlsx
2024-07-13,washington dc,2324,348,89,2761,0.842,0.126,0.032,FY24_detentionStats07182024.xlsx
2024-08-10,atlanta,4455,377,144,4976,0.895,0.076,0.029,FY24_detentionStats08152024.xlsx
2024-08-10,baltimore,3110,254,178,3542,0.878,0.072,0.05,FY24_detentionStats08152024.xlsx
2024-08-10,boston,6175,263,475,6913,0.893,0.038,0.069,FY24_detentionStats08152024.xlsx
2024-08-10,buffalo,531,38,197,766,0.693,0.05,0.257,FY24_detentionStats08152024.xlsx
2024-08-10,chicago,15709,2654,697,19060,0.824,0.139,0.037,FY24_detentionStats08152024.xlsx
2024-08-10,dallas,1800,384,98,2282,0.789,0.168,0.043,FY24_detentionStats08152024.xlsx
2024-08-10,denver,3289,78,114,3481,0.945,0.022,0.033,FY24_detentionStats08152024.xlsx
2024-08-10,detroit,7732,159,129,8020,0.964,0.02,0.016,FY24_detentionStats08152024.xlsx
2024-08-10,el paso,1831,2122,499,4452,0.411,0.477,0.112,FY24_detentionStats08152024.xlsx
2024-08-10,harlingen,3173,697,346,4216,0.753,0.165,0.082,FY24_detentionStats08152024.xlsx
2024-08-10,houston,2596,376,110,3082,0.842,0.122,0.036,FY24_detentionStats08152024.xlsx
2024-08-10,los angeles,12929,844,1039,14812,0.873,0.057,0.07,FY24_detentionStats08152024.xlsx
2024-08-10,miami,12982,970,180,14132,0.919,0.069,0.013,FY24_detentionStats08152024.xlsx
2024-08-10,new orleans,4904,496,114,5514,0.889,0.09,0.021,FY24_detentionStats08152024.xlsx
2024-08-10,new york,6959,963,582,8504,0.818,0.113,0.068,FY24_detentionStats08152024.xlsx
2024-08-10,newark,11170,317,754,12241,0.913,0.026,0.062,FY24_detentionStats08152024.xlsx
2024-08-10,philadelphia,5932,101,437,6470,0.917,0.016,0.068,FY24_detentionStats08152024.xlsx
2024-08-10,phoenix,2920,676,45,3641,0.802,0.186,0.012,FY24_detentionStats08152024.xlsx
2024-08-10,salt lake city,6581,183,70,6834,0.963,0.027,0.01,FY24_detentionStats08152024.xlsx
2024-08-10,san antonio,3350,1475,275,5100,0.657,0.289,0.054,FY24_detentionStats08152024.xlsx
2024-08-10,san diego,1282,414,210,1906,0.673,0.217,0.11,FY24_detentionStats08152024.xlsx
2024-08-10,san francisco,17163,790,558,18511,0.927,0.043,0.03,FY24_detentionStats08152024.xlsx
2024-08-10,seattle,8288,648,770,9706,0.854,0.067,0.079,FY24_detentionStats08152024.xlsx
2024-08-10,st paul,3666,304,116,4086,0.897,0.074,0.028,FY24_detentionStats08152024.xlsx
2024-08-10,washington dc,2121,234,74,2429,0.873,0.096,0.03,FY24_detentionStats08152024.xlsx
2024-08-24,atlanta,4556,406,160,5122,0.889,0.079,0.031,FY24_detentionStats08292024.xlsx
2024-08-24,baltimore,3153,243,187,3583,0.88,0.068,0.052,FY24_detentionStats08292024.xlsx
2024-08-24,boston,6236,274,494,7004,0.89,0.039,0.071,FY24_detentionStats08292024.xlsx
2024-08-24,buffalo,542,44,198,784,0.691,0.056,0.253,FY24_detentionStats08292024.xlsx
2024-08-24,chicago,15761,2639,706,19106,0.825,0.138,0.037,FY24_detentionStats08292024.xlsx
2024-08-24,dallas,1868,367,101,2336,0.8,0.157,0.043,FY24_detentionStats08292024.xlsx
2024-08-24,denver,3325,114,120,3559,0.934,0.032,0.034,FY24_detentionStats08292024.xlsx
2024-08-24,detroit,7711,146,125,7982,0.966,0.018,0.016,FY24_detentionStats08292024.xlsx
2024-08-24,el paso,1786,1849,544,4179,0.427,0.442,0.13,FY24_detentionStats08292024.xlsx
2024-08-24,harlingen,2925,900,344,4169,0.702,0.216,0.083,FY24_detentionStats08292024.xlsx
2024-08-24,houston,2544,351,109,3004,0.847,0.117,0.036,FY24_detentionStats08292024.xlsx
2024-08-24,los angeles,12995,829,1053,14877,0.873,0.056,0.071,FY24_detentionStats08292024.xlsx
2024-08-24,miami,13025,1000,202,14227,0.916,0.07,0.014,FY24_detentionStats08292024.xlsx
2024-08-24,new orleans,4948,584,118,5650,0.876,0.103,0.021,FY24_detentionStats08292024.xlsx
2024-08-24,new york,7192,999,640,8831,0.814,0.113,0.072,FY24_detentionStats08292024.xlsx
2024-08-24,newark,11222,314,775,12311,0.912,0.026,0.063,FY24_detentionStats08292024.xlsx
2024-08-24,philadelphia,5911,115,438,6464,0.914,0.018,0.068,FY24_detentionStats08292024.xlsx
2024-08-24,phoenix,2805,799,67,3671,0.764,0.218,0.018,FY24_detentionStats08292024.xlsx
2024-08-24,salt lake city,6571,179,72,6822,0.963,0.026,0.011,FY24_detentionStats08292024.xlsx
2024-08-24,san antonio,3200,1297,257,4754,0.673,0.273,0.054,FY24_detentionStats08292024.xlsx
2024-08-24,san diego,1254,685,286,2225,0.564,0.308,0.129,FY24_detentionStats08292024.xlsx
2024-08-24,san francisco,17261,810,615,18686,0.924,0.043,0.033,FY24_detentionStats08292024.xlsx
2024-08-24,seattle,8431,634,742,9807,0.86,0.065,0.076,FY24_detentionStats08292024.xlsx
2024-08-24,st paul,3661,294,112,4067,0.9,0.072,0.028,FY24_detentionStats08292024.xlsx
2024-08-24,washington dc,2125,208,66,2399,0.886,0.087,0.028,FY24_detentionStats08292024.xlsx
2024-09-07,atlanta,4687,442,176,5305,0.884,0.083,0.033,FY24_detentionStats09172024.xlsx
2024-09-07,baltimore,3146,246,186,3578,0.879,0.069,0.052,FY24_detentionStats09172024.xlsx
2024-09-07,boston,6348,288,494,7130,0.89,0.04,0.069,FY24_detentionStats09172024.xlsx
2024-09-07,buffalo,556,38,198,792,0.702,0.048,0.25,FY24_detentionStats09172024.xlsx
2024-09-07,chicago,15753,2674,733,19160,0.822,0.14,0.038,FY24_detentionStats09172024.xlsx
2024-09-07,dallas,1910,391,92,2393,0.798,0.163,0.038,FY24_detentionStats09172024.xlsx
2024-09-07,denver,3368,103,127,3598,0.936,0.029,0.035,FY24_detentionStats09172024.xlsx
2024-09-07,detroit,7679,152,131,7962,0.964,0.019,0.016,FY24_detentionStats09172024.xlsx
2024-09-07,el paso,1737,1753,580,4070,0.427,0.431,0.143,FY24_detentionStats09172024.xlsx
2024-09-07,harlingen,2851,1010,330,4191,0.68,0.241,0.079,FY24_detentionStats09172024.xlsx
2024-09-07,houston,2538,352,113,3003,0.845,0.117,0.038,FY24_detentionStats09172024.xlsx
2024-09-07,los angeles,13069,887,1063,15019,0.87,0.059,0.071,FY24_detentionStats09172024.xlsx
2024-09-07,miami,13176,1002,216,14394,0.915,0.07,0.015,FY24_detentionStats09172024.xlsx
2024-09-07,new orleans,4995,637,132,5764,0.867,0.111,0.023,FY24_detentionStats09172024.xlsx
2024-09-07,new york,7480,1008,672,9160,0.817,0.11,0.073,FY24_detentionStats09172024.xlsx
2024-09-07,newark,11274,335,784,12393,0.91,0.027,0.063,FY24_detentionStats09172024.xlsx
2024-09-07,philadelphia,5925,128,444,6497,0.912,0.02,0.068,FY24_detentionStats09172024.xlsx
2024-09-07,phoenix,2788,771,88,3647,0.764,0.211,0.024,FY24_detentionStats09172024.xlsx
2024-09-07,salt lake city,6559,171,71,6801,0.964,0.025,0.01,FY24_detentionStats09172024.xlsx
2024-09-07,san antonio,3152,1291,276,4719,0.668,0.274,0.058,FY24_detentionStats09172024.xlsx
2024-09-07,san diego,1241,711,250,2202,0.564,0.323,0.114,FY24_detentionStats09172024.xlsx
2024-09-07,san francisco,17283,853,643,18779,0.92,0.045,0.034,FY24_detentionStats09172024.xlsx
2024-09-07,seattle,8510,627,720,9857,0.863,0.064,0.073,FY24_detentionStats09172024.xlsx
2024-09-07,st paul,3659,293,110,4062,0.901,0.072,0.027,FY24_detentionStats09172024.xlsx
2024-09-07,washington dc,2116,209,85,2410,0.878,0.087,0.035,FY24_detentionStats09172024.xlsx
2024-11-02,atlanta,5221,539,163,5923,0.881,0.091,0.028,FY25_detentionStats11212024.xlsx
2024-11-02,baltimore,3209,239,165,3613,0.888,0.066,0.046,FY25_detentionStats11212024.xlsx
2024-11-02,boston,6780,408,520,7708,0.88,0.053,0.067,FY25_detentionStats11212024.xlsx
2024-11-02,buffalo,615,39,185,839,0.733,0.046,0.221,FY25_detentionStats11212024.xlsx
2024-11-02,chicago,15930,2674,775,19379,0.822,0.138,0.04,FY25_detentionStats11212024.xlsx
2024-11-02,dallas,1923,478,108,2509,0.766,0.191,0.043,FY25_detentionStats11212024.xlsx
2024-11-02,denver,3514,181,154,3849,0.913,0.047,0.04,FY25_detentionStats11212024.xlsx
2024-11-02,detroit,7643,200,138,7981,0.958,0.025,0.017,FY25_detentionStats11212024.xlsx
2024-11-02,el paso,1552,1380,527,3459,0.449,0.399,0.152,FY25_detentionStats11212024.xlsx
2024-11-02,harlingen,2418,1169,256,3843,0.629,0.304,0.067,FY25_detentionStats11212024.xlsx
2024-11-02,houston,2536,397,127,3060,0.829,0.13,0.042,FY25_detentionStats11212024.xlsx
2024-11-02,los angeles,13279,1077,1063,15419,0.861,0.07,0.069,FY25_detentionStats11212024.xlsx
2024-11-02,miami,13456,1151,242,14849,0.906,0.078,0.016,FY25_detentionStats11212024.xlsx
2024-11-02,new orleans,5279,816,154,6249,0.845,0.131,0.025,FY25_detentionStats11212024.xlsx
2024-11-02,new york,8872,1178,714,10764,0.824,0.109,0.066,FY25_detentionStats11212024.xlsx
2024-11-02,newark,11492,364,817,12673,0.907,0.029,0.064,FY25_detentionStats11212024.xlsx
2024-11-02,philadelphia,6121,194,316,6631,0.923,0.029,0.048,FY25_detentionStats11212024.xlsx
2024-11-02,phoenix,2347,1100,108,3555,0.66,0.309,0.03,FY25_detentionStats11212024.xlsx
2024-11-02,salt lake city,6496,162,66,6724,0.966,0.024,0.01,FY25_detentionStats11212024.xlsx
2024-11-02,san antonio,2936,1594,242,4772,0.615,0.334,0.051,FY25_detentionStats11212024.xlsx
2024-11-02,san diego,1153,609,301,2063,0.559,0.295,0.146,FY25_detentionStats11212024.xlsx
2024-11-02,san francisco,17923,880,618,19421,0.923,0.045,0.032,FY25_detentionStats11212024.xlsx
2024-11-02,seattle,8811,708,695,10214,0.863,0.069,0.068,FY25_detentionStats11212024.xlsx
2024-11-02,st paul,3721,300,65,4086,0.911,0.073,0.016,FY25_detentionStats11212024.xlsx
2024-11-02,washington dc,2058,179,68,2305,0.893,0.078,0.03,FY25_detentionStats11212024.xlsx
2024-11-16,atlanta,5298,591,165,6054,0.875,0.098,0.027,FY25_detentionStats12112024.xlsx
2024-11-16,baltimore,3241,233,161,3635,0.892,0.064,0.044,FY25_detentionStats12112024.xlsx
2024-11-16,boston,6905,449,526,7880,0.876,0.057,0.067,FY25_detentionStats12112024.xlsx
2024-11-16,buffalo,638,44,176,858,0.744,0.051,0.205,FY25_detentionStats12112024.xlsx
2024-11-16,chicago,15976,2694,773,19443,0.822,0.139,0.04,FY25_detentionStats12112024.xlsx
2024-11-16,dallas,1985,486,105,2576,0.771,0.189,0.041,FY25_detentionStats12112024.xlsx
2024-11-16,denver,3546,122,175,3843,0.923,0.032,0.046,FY25_detentionStats12112024.xlsx
2024-11-16,detroit,7669,218,141,8028,0.955,0.027,0.018,FY25_detentionStats12112024.xlsx
2024-11-16,el paso,1523,1264,554,3341,0.456,0.378,0.166,FY25_detentionStats12112024.xlsx
2024-11-16,harlingen,2300,1124,258,3682,0.625,0.305,0.07,FY25_detentionStats12112024.xlsx
2024-11-16,houston,2585,414,122,3121,0.828,0.133,0.039,FY25_detentionStats12112024.xlsx
2024-11-16,los angeles,13363,1149,1116,15628,0.855,0.074,0.071,FY25_detentionStats12112024.xlsx
2024-11-16,miami,13521,1155,274,14950,0.904,0.077,0.018,FY25_detentionStats12112024.xlsx
2024-11-16,new orleans,5355,818,163,6336,0.845,0.129,0.026,FY25_detentionStats12112024.xlsx
2024-11-16,new york,9150,1230,736,11116,0.823,0.111,0.066,FY25_detentionStats12112024.xlsx
2024-11-16,newark,11536,370,806,12712,0.907,0.029,0.063,FY25_detentionStats12112024.xlsx
2024-11-16,philadelphia,6155,212,307,6674,0.922,0.032,0.046,FY25_detentionStats12112024.xlsx
2024-11-16,phoenix,2218,1067,97,3382,0.656,0.315,0.029,FY25_detentionStats12112024.xlsx
2024-11-16,salt lake city,6477,184,67,6728,0.963,0.027,0.01,FY25_detentionStats12112024.xlsx
2024-11-16,san antonio,2947,1835,226,5008,0.588,0.366,0.045,FY25_detentionStats12112024.xlsx
2024-11-16,san diego,1124,671,258,2053,0.547,0.327,0.126,FY25_detentionStats12112024.xlsx
2024-11-16,san francisco,18073,925,642,19640,0.92,0.047,0.033,FY25_detentionStats12112024.xlsx
2024-11-16,seattle,8878,750,700,10328,0.86,0.073,0.068,FY25_detentionStats12112024.xlsx
2024-11-16,st paul,3747,297,58,4102,0.913,0.072,0.014,FY25_detentionStats12112024.xlsx
2024-11-16,washington dc,2119,204,68,2391,0.886,0.085,0.028,FY25_detentionStats12112024.xlsx
2024-11-30,atlanta,5374,568,155,6097,0.881,0.093,0.025,FY25_detentionStats12122024.xlsx
2024-11-30,baltimore,3282,217,154,3653,0.898,0.059,0.042,FY25_detentionStats12122024.xlsx
2024-11-30,boston,6992,458,517,7967,0.878,0.057,0.065,FY25_detentionStats12122024.xlsx
2024-11-30,buffalo,648,39,172,859,0.754,0.045,0.2,FY25_detentionStats12122024.xlsx
2024-11-30,chicago,16055,2667,768,19490,0.824,0.137,0.039,FY25_detentionStats12122024.xlsx
2024-11-30,dallas,2031,492,109,2632,0.772,0.187,0.041,FY25_detentionStats12122024.xlsx
2024-11-30,denver,3586,134,179,3899,0.92,0.034,0.046,FY25_detentionStats12122024.xlsx
2024-11-30,detroit,7648,223,141,8012,0.955,0.028,0.018,FY25_detentionStats12122024.xlsx
2024-11-30,el paso,1530,1275,594,3399,0.45,0.375,0.175,FY25_detentionStats12122024.xlsx
2024-11-30,harlingen,2260,1136,215,3611,0.626,0.315,0.06,FY25_detentionStats12122024.xlsx
2024-11-30,houston,2597,432,114,3143,0.826,0.137,0.036,FY25_detentionStats12122024.xlsx
2024-11-30,los angeles,13458,1156,1136,15750,0.854,0.073,0.072,FY25_detentionStats12122024.xlsx
2024-11-30,miami,13596,1193,292,15081,0.902,0.079,0.019,FY25_detentionStats12122024.xlsx
2024-11-30,new orleans,5454,842,162,6458,0.845,0.13,0.025,FY25_detentionStats12122024.xlsx
2024-11-30,new york,9444,1272,736,11452,0.825,0.111,0.064,FY25_detentionStats12122024.xlsx
2024-11-30,newark,11469,368,779,12616,0.909,0.029,0.062,FY25_detentionStats12122024.xlsx
2024-11-30,philadelphia,6189,218,287,6694,0.925,0.033,0.043,FY25_detentionStats12122024.xlsx
2024-11-30,phoenix,2035,1138,97,3270,0.622,0.348,0.03,FY25_detentionStats12122024.xlsx
2024-11-30,salt lake city,6452,194,60,6706,0.962,0.029,0.009,FY25_detentionStats12122024.xlsx
2024-11-30,san antonio,2936,1980,253,5169,0.568,0.383,0.049,FY25_detentionStats12122024.xlsx
2024-11-30,san diego,1112,731,272,2115,0.526,0.346,0.129,FY25_detentionStats12122024.xlsx
2024-11-30,san francisco,18193,920,627,19740,0.922,0.047,0.032,FY25_detentionStats12122024.xlsx
2024-11-30,seattle,8901,780,691,10372,0.858,0.075,0.067,FY25_detentionStats12122024.xlsx
2024-11-30,st paul,3733,302,57,4092,0.912,0.074,0.014,FY25_detentionStats12122024.xlsx
2024-11-30,washington dc,2165,235,70,2470,0.877,0.095,0.028,FY25_detentionStats12122024.xlsx
2024-12-13,atlanta,5441,604,144,6189,0.879,0.098,0.023,FY25_detentionStats12182024.xlsx
2024-12-13,baltimore,3325,211,157,3693,0.9,0.057,0.043,FY25_detentionStats12182024.xlsx
2024-12-13,boston,7099,499,497,8095,0.877,0.062,0.061,FY25_detentionStats12182024.xlsx
2024-12-13,buffalo,685,31,162,878,0.78,0.035,0.185,FY25_detentionStats12182024.xlsx
2024-12-13,chicago,16045,2694,772,19511,0.822,0.138,0.04,FY25_detentionStats12182024.xlsx
2024-12-13,dallas,2073,510,119,2702,0.767,0.189,0.044,FY25_detentionStats12182024.xlsx
2024-12-13,denver,3631,126,173,3930,0.924,0.032,0.044,FY25_detentionStats12182024.xlsx
2024-12-13,detroit,7644,240,132,8016,0.954,0.03,0.016,FY25_detentionStats12182024.xlsx
2024-12-13,el paso,1436,1147,616,3199,0.449,0.359,0.193,FY25_detentionStats12182024.xlsx
2024-12-13,harlingen,2185,1248,235,3668,0.596,0.34,0.064,FY25_detentionStats12182024.xlsx
2024-12-13,houston,2667,466,115,3248,0.821,0.143,0.035,FY25_detentionStats12182024.xlsx
2024-12-13,los angeles,13547,1211,1111,15869,0.854,0.076,0.07,FY25_detentionStats12182024.xlsx
2024-12-13,miami,13622,1236,322,15180,0.897,0.081,0.021,FY25_detentionStats12182024.xlsx
2024-12-13,new orleans,5459,821,167,6447,0.847,0.127,0.026,FY25_detentionStats12182024.xlsx
2024-12-13,new york,9669,1258,748,11675,0.828,0.108,0.064,FY25_detentionStats12182024.xlsx
2024-12-13,newark,11443,403,765,12611,0.907,0.032,0.061,FY25_detentionStats12182024.xlsx
2024-12-13,philadelphia,6266,244,248,6758,0.927,0.036,0.037,FY25_detentionStats12182024.xlsx
2024-12-13,phoenix,1905,1206,98,3209,0.594,0.376,0.031,FY25_detentionStats12182024.xlsx
2024-12-13,salt lake city,6448,200,60,6708,0.961,0.03,0.009,FY25_detentionStats12182024.xlsx
2024-12-13,san antonio,2910,1960,196,5066,0.574,0.387,0.039,FY25_detentionStats12182024.xlsx
2024-12-13,san diego,1110,706,219,2035,0.545,0.347,0.108,FY25_detentionStats12182024.xlsx
2024-12-13,san francisco,18327,963,640,19930,0.92,0.048,0.032,FY25_detentionStats12182024.xlsx
2024-12-13,seattle,8929,787,673,10389,0.859,0.076,0.065,FY25_detentionStats12182024.xlsx
2024-12-13,st paul,3738,341,69,4148,0.901,0.082,0.017,FY25_detentionStats12182024.xlsx
2024-12-13,washington dc,2215,266,72,2553,0.868,0.104,0.028,FY25_detentionStats12182024.xlsx
2024-12-28,atlanta,5483,636,138,6257,0.876,0.102,0.022,FY25_detentionStats01032025.xlsx
2024-12-28,baltimore,3338,204,148,3690,0.905,0.055,0.04,FY25_detentionStats01032025.xlsx
2024-12-28,boston,7208,508,472,8188,0.88,0.062,0.058,FY25_detentionStats01032025.xlsx
2024-12-28,buffalo,715,38,149,902,0.793,0.042,0.165,FY25_detentionStats01032025.xlsx
2024-12-28,chicago,16131,2674,769,19574,0.824,0.137,0.039,FY25_detentionStats01032025.xlsx
2024-12-28,dallas,2075,560,115,2750,0.755,0.204,0.042,FY25_detentionStats01032025.xlsx
2024-12-28,denver,3690,134,148,3972,0.929,0.034,0.037,FY25_detentionStats01032025.xlsx
2024-12-28,detroit,7649,281,136,8066,0.948,0.035,0.017,FY25_detentionStats01032025.xlsx
2024-12-28,el paso,1429,1143,674,3246,0.44,0.352,0.208,FY25_detentionStats01032025.xlsx
2024-12-28,harlingen,2189,1413,308,3910,0.56,0.361,0.079,FY25_detentionStats01032025.xlsx
2024-12-28,houston,2693,471,111,3275,0.822,0.144,0.034,FY25_detentionStats01032025.xlsx
2024-12-28,los angeles,13577,1250,1128,15955,0.851,0.078,0.071,FY25_detentionStats01032025.xlsx
2024-12-28,miami,13677,1295,351,15323,0.893,0.085,0.023,FY25_detentionStats01032025.xlsx
2024-12-28,new orleans,5498,797,163,6458,0.851,0.123,0.025,FY25_detentionStats01032025.xlsx
2024-12-28,new york,9837,1269,743,11849,0.83,0.107,0.063,FY25_detentionStats01032025.xlsx
2024-12-28,newark,11453,416,762,12631,0.907,0.033,0.06,FY25_detentionStats01032025.xlsx
2024-12-28,philadelphia,6303,253,230,6786,0.929,0.037,0.034,FY25_detentionStats01032025.xlsx
2024-12-28,phoenix,1910,1264,97,3271,0.584,0.386,0.03,FY25_detentionStats01032025.xlsx
2024-12-28,salt lake city,6436,218,57,6711,0.959,0.032,0.008,FY25_detentionStats01032025.xlsx
2024-12-28,san antonio,2885,2054,206,5145,0.561,0.399,0.04,FY25_detentionStats01032025.xlsx
2024-12-28,san diego,1113,688,243,2044,0.545,0.337,0.119,FY25_detentionStats01032025.xlsx
2024-12-28,san francisco,18410,981,651,20042,0.919,0.049,0.032,FY25_detentionStats01032025.xlsx
2024-12-28,seattle,8939,762,680,10381,0.861,0.073,0.066,FY25_detentionStats01032025.xlsx
2024-12-28,st paul,3771,328,70,4169,0.905,0.079,0.017,FY25_detentionStats01032025.xlsx
2024-12-28,washington dc,2239,280,79,2598,0.862,0.108,0.03,FY25_detentionStats01032025.xlsx
2025-01-11,atlanta,5520,652,137,6309,0.875,0.103,0.022,FY25_detentionStats01162025.xlsx
2025-01-11,baltimore,3346,197,153,3696,0.905,0.053,0.041,FY25_detentionStats01162025.xlsx
2025-01-11,boston,7305,519,432,8256,0.885,0.063,0.052,FY25_detentionStats01162025.xlsx
2025-01-11,buffalo,737,26,143,906,0.813,0.029,0.158,FY25_detentionStats01162025.xlsx
2025-01-11,chicago,16099,2705,779,19583,0.822,0.138,0.04,FY25_detentionStats01162025.xlsx
2025-01-11,dallas,2080,624,119,2823,0.737,0.221,0.042,FY25_detentionStats01162025.xlsx
2025-01-11,denver,3758,164,148,4070,0.923,0.04,0.036,FY25_detentionStats01162025.xlsx
2025-01-11,detroit,7655,283,130,8068,0.949,0.035,0.016,FY25_detentionStats01162025.xlsx
2025-01-11,el paso,1377,1062,702,3141,0.438,0.338,0.223,FY25_detentionStats01162025.xlsx
2025-01-11,harlingen,2173,1484,308,3965,0.548,0.374,0.078,FY25_detentionStats01162025.xlsx
2025-01-11,houston,2749,477,113,3339,0.823,0.143,0.034,FY25_detentionStats01162025.xlsx
2025-01-11,los angeles,13671,1315,1154,16140,0.847,0.081,0.071,FY25_detentionStats01162025.xlsx
2025-01-11,miami,13770,1364,362,15496,0.889,0.088,0.023,FY25_detentionStats01162025.xlsx
2025-01-11,new orleans,5560,795,166,6521,0.853,0.122,0.025,FY25_detentionStats01162025.xlsx
2025-01-11,new york,10029,1254,731,12014,0.835,0.104,0.061,FY25_detentionStats01162025.xlsx
2025-01-11,newark,11428,423,758,12609,0.906,0.034,0.06,FY25_detentionStats01162025.xlsx
2025-01-11,philadelphia,6327,248,213,6788,0.932,0.037,0.031,FY25_detentionStats01162025.xlsx
2025-01-11,phoenix,1875,1215,62,3152,0.595,0.385,0.02,FY25_detentionStats01162025.xlsx
2025-01-11,salt lake city,6424,224,55,6703,0.958,0.033,0.008,FY25_detentionStats01162025.xlsx
2025-01-11,san antonio,2873,2151,220,5244,0.548,0.41,0.042,FY25_detentionStats01162025.xlsx
2025-01-11,san diego,1110,781,221,2112,0.526,0.37,0.105,FY25_detentionStats01162025.xlsx
2025-01-11,san francisco,18469,1028,648,20145,0.917,0.051,0.032,FY25_detentionStats01162025.xlsx
2025-01-11,seattle,8945,780,662,10387,0.861,0.075,0.064,FY25_detentionStats01162025.xlsx
2025-01-11,st paul,3780,325,72,4177,0.905,0.078,0.017,FY25_detentionStats01162025.xlsx
2025-01-11,washington dc,2268,305,87,2660,0.853,0.115,0.033,FY25_detentionStats01162025.xlsx
2025-01-25,atlanta,5568,649,129,6346,0.877,0.102,0.02,FY25_detentionStats02032025.xlsx
2025-01-25,baltimore,3389,189,145,3723,0.91,0.051,0.039,FY25_detentionStats02032025.xlsx
2025-01-25,boston,7446,543,392,8381,0.888,0.065,0.047,FY25_detentionStats02032025.xlsx
2025-01-25,buffalo,750,0,181,931,0.806,0,0.194,FY25_detentionStats02032025.xlsx
2025-01-25,chicago,16114,2740,769,19623,0.821,0.14,0.039,FY25_detentionStats02032025.xlsx
2025-01-25,dallas,2098,702,117,2917,0.719,0.241,0.04,FY25_detentionStats02032025.xlsx
2025-01-25,denver,3773,147,157,4077,0.925,0.036,0.039,FY25_detentionStats02032025.xlsx
2025-01-25,detroit,7673,282,117,8072,0.951,0.035,0.014,FY25_detentionStats02032025.xlsx
2025-01-25,el paso,1320,1010,646,2976,0.444,0.339,0.217,FY25_detentionStats02032025.xlsx
2025-01-25,harlingen,2148,1354,249,3751,0.573,0.361,0.066,FY25_detentionStats02032025.xlsx
2025-01-25,houston,2780,536,96,3412,0.815,0.157,0.028,FY25_detentionStats02032025.xlsx
2025-01-25,los angeles,13815,1355,1175,16345,0.845,0.083,0.072,FY25_detentionStats02032025.xlsx
2025-01-25,miami,13931,1490,393,15814,0.881,0.094,0.025,FY25_detentionStats02032025.xlsx
2025-01-25,new orleans,5670,784,163,6617,0.857,0.118,0.025,FY25_detentionStats02032025.xlsx
2025-01-25,new york,10254,1229,727,12210,0.84,0.101,0.06,FY25_detentionStats02032025.xlsx
2025-01-25,newark,11411,424,737,12572,0.908,0.034,0.059,FY25_detentionStats02032025.xlsx
2025-01-25,philadelphia,6384,243,192,6819,0.936,0.036,0.028,FY25_detentionStats02032025.xlsx
2025-01-25,phoenix,1824,1039,48,2911,0.627,0.357,0.016,FY25_detentionStats02032025.xlsx
2025-01-25,salt lake city,6445,225,65,6735,0.957,0.033,0.01,FY25_detentionStats02032025.xlsx
2025-01-25,san antonio,2843,2033,177,5053,0.563,0.402,0.035,FY25_detentionStats02032025.xlsx
2025-01-25,san diego,1108,539,171,1818,0.609,0.296,0.094,FY25_detentionStats02032025.xlsx
2025-01-25,san francisco,18604,1041,648,20293,0.917,0.051,0.032,FY25_detentionStats02032025.xlsx
2025-01-25,seattle,8997,778,662,10437,0.862,0.075,0.063,FY25_detentionStats02032025.xlsx
2025-01-25,st paul,3820,297,68,4185,0.913,0.071,0.016,FY25_detentionStats02032025.xlsx
2025-01-25,washington dc,2336,340,88,2764,0.845,0.123,0.032,FY25_detentionStats02032025.xlsx
2025-02-08,atlanta,5565,630,129,6324,0.88,0.1,0.02,FY25_detentionStats02142025.xlsx
2025-02-08,baltimore,3432,177,136,3745,0.916,0.047,0.036,FY25_detentionStats02142025.xlsx
2025-02-08,boston,7529,560,365,8454,0.891,0.066,0.043,FY25_detentionStats02142025.xlsx
2025-02-08,buffalo,761,38,132,931,0.817,0.041,0.142,FY25_detentionStats02142025.xlsx
2025-02-08,chicago,16122,2845,748,19715,0.818,0.144,0.038,FY25_detentionStats02142025.xlsx
2025-02-08,dallas,2055,692,116,2863,0.718,0.242,0.041,FY25_detentionStats02142025.xlsx
2025-02-08,denver,3742,105,143,3990,0.938,0.026,0.036,FY25_detentionStats02142025.xlsx
2025-02-08,detroit,7658,280,114,8052,0.951,0.035,0.014,FY25_detentionStats02142025.xlsx
2025-02-08,el paso,1269,806,561,2636,0.481,0.306,0.213,FY25_detentionStats02142025.xlsx
2025-02-08,harlingen,2098,1086,172,3356,0.625,0.324,0.051,FY25_detentionStats02142025.xlsx
2025-02-08,houston,2767,496,74,3337,0.829,0.149,0.022,FY25_detentionStats02142025.xlsx
2025-02-08,los angeles,13819,1432,1130,16381,0.844,0.087,0.069,FY25_detentionStats02142025.xlsx
2025-02-08,miami,14012,1487,371,15870,0.883,0.094,0.023,FY25_detentionStats02142025.xlsx
2025-02-08,new orleans,5703,803,158,6664,0.856,0.12,0.024,FY25_detentionStats02142025.xlsx
2025-02-08,new york,10389,1208,698,12295,0.845,0.098,0.057,FY25_detentionStats02142025.xlsx
2025-02-08,newark,11330,420,715,12465,0.909,0.034,0.057,FY25_detentionStats02142025.xlsx
2025-02-08,philadelphia,6430,221,169,6820,0.943,0.032,0.025,FY25_detentionStats02142025.xlsx
2025-02-08,phoenix,1779,822,41,2642,0.673,0.311,0.016,FY25_detentionStats02142025.xlsx
2025-02-08,salt lake city,6445,240,52,6737,0.957,0.036,0.008,FY25_detentionStats02142025.xlsx
2025-02-08,san antonio,2807,1831,138,4776,0.588,0.383,0.029,FY25_detentionStats02142025.xlsx
2025-02-08,san diego,1071,397,123,1591,0.673,0.25,0.077,FY25_detentionStats02142025.xlsx
2025-02-08,san francisco,18666,1027,637,20330,0.918,0.051,0.031,FY25_detentionStats02142025.xlsx
2025-02-08,seattle,8993,755,646,10394,0.865,0.073,0.062,FY25_detentionStats02142025.xlsx
2025-02-08,st paul,3816,289,61,4166,0.916,0.069,0.015,FY25_detentionStats02142025.xlsx
2025-02-08,washington dc,2437,342,81,2860,0.852,0.12,0.028,FY25_detentionStats02142025.xlsx
2025-02-21,atlanta,5541,613,124,6278,0.883,0.098,0.02,FY25_detentionStats03052025.xlsx
2025-02-21,baltimore,3451,175,125,3751,0.92,0.047,0.033,FY25_detentionStats03052025.xlsx
2025-02-21,boston,7552,587,335,8474,0.891,0.069,0.04,FY25_detentionStats03052025.xlsx
2025-02-21,buffalo,776,34,134,944,0.822,0.036,0.142,FY25_detentionStats03052025.xlsx
2025-02-21,chicago,16137,2854,740,19731,0.818,0.145,0.038,FY25_detentionStats03052025.xlsx
2025-02-21,dallas,2052,673,116,2841,0.722,0.237,0.041,FY25_detentionStats03052025.xlsx
2025-02-21,denver,3697,102,157,3956,0.935,0.026,0.04,FY25_detentionStats03052025.xlsx
2025-02-21,detroit,7631,289,106,8026,0.951,0.036,0.013,FY25_detentionStats03052025.xlsx
2025-02-21,el paso,1225,674,439,2338,0.524,0.288,0.188,FY25_detentionStats03052025.xlsx
2025-02-21,harlingen,2053,812,145,3010,0.682,0.27,0.048,FY25_detentionStats03052025.xlsx
2025-02-21,houston,2773,504,61,3338,0.831,0.151,0.018,FY25_detentionStats03052025.xlsx
2025-02-21,los angeles,13772,1439,1073,16284,0.846,0.088,0.066,FY25_detentionStats03052025.xlsx
2025-02-21,miami,13966,1450,357,15773,0.885,0.092,0.023,FY25_detentionStats03052025.xlsx
2025-02-21,new orleans,5694,793,156,6643,0.857,0.119,0.023,FY25_detentionStats03052025.xlsx
2025-02-21,new york,10439,1196,636,12271,0.851,0.097,0.052,FY25_detentionStats03052025.xlsx
2025-02-21,newark,11234,442,663,12339,0.91,0.036,0.054,FY25_detentionStats03052025.xlsx
2025-02-21,philadelphia,6410,214,157,6781,0.945,0.032,0.023,FY25_detentionStats03052025.xlsx
2025-02-21,phoenix,1757,724,30,2511,0.7,0.288,0.012,FY25_detentionStats03052025.xlsx
2025-02-21,salt lake city,6412,229,47,6688,0.959,0.034,0.007,FY25_detentionStats03052025.xlsx
2025-02-21,san antonio,2760,1396,134,4290,0.643,0.325,0.031,FY25_detentionStats03052025.xlsx
2025-02-21,san diego,1069,326,104,1499,0.713,0.217,0.069,FY25_detentionStats03052025.xlsx
2025-02-21,san francisco,18743,958,574,20275,0.924,0.047,0.028,FY25_detentionStats03052025.xlsx
2025-02-21,seattle,9037,726,628,10391,0.87,0.07,0.06,FY25_detentionStats03052025.xlsx
2025-02-21,st paul,3811,282,53,4146,0.919,0.068,0.013,FY25_detentionStats03052025.xlsx
2025-02-21,washington dc,2523,335,75,2933,0.86,0.114,0.026,FY25_detentionStats03052025.xlsx
2025-03-07,atlanta,5502,628,122,6252,0.88,0.1,0.02,FY25_detentionStats03142025.xlsx
2025-03-07,baltimore,3491,179,119,3789,0.921,0.047,0.031,FY25_detentionStats03142025.xlsx
2025-03-07,boston,7601,664,311,8576,0.886,0.077,0.036,FY25_detentionStats03142025.xlsx
2025-03-07,buffalo,778,31,125,934,0.833,0.033,0.134,FY25_detentionStats03142025.xlsx
2025-03-07,chicago,16097,2887,729,19713,0.817,0.146,0.037,FY25_detentionStats03142025.xlsx
2025-03-07,dallas,2053,679,113,2845,0.722,0.239,0.04,FY25_detentionStats03142025.xlsx
2025-03-07,denver,3459,116,168,3743,0.924,0.031,0.045,FY25_detentionStats03142025.xlsx
2025-03-07,detroit,7599,294,98,7991,0.951,0.037,0.012,FY25_detentionStats03142025.xlsx
2025-03-07,el paso,1170,537,383,2090,0.56,0.257,0.183,FY25_detentionStats03142025.xlsx
2025-03-07,harlingen,1999,585,128,2712,0.737,0.216,0.047,FY25_detentionStats03142025.xlsx
2025-03-07,houston,2793,477,60,3330,0.839,0.143,0.018,FY25_detentionStats03142025.xlsx
2025-03-07,los angeles,13701,1458,1011,16170,0.847,0.09,0.063,FY25_detentionStats03142025.xlsx
2025-03-07,miami,13853,1474,331,15658,0.885,0.094,0.021,FY25_detentionStats03142025.xlsx
2025-03-07,new orleans,5730,756,148,6634,0.864,0.114,0.022,FY25_detentionStats03142025.xlsx
2025-03-07,new york,10544,1193,528,12265,0.86,0.097,0.043,FY25_detentionStats03142025.xlsx
2025-03-07,newark,11058,474,612,12144,0.911,0.039,0.05,FY25_detentionStats03142025.xlsx
2025-03-07,philadelphia,6447,228,147,6822,0.945,0.033,0.022,FY25_detentionStats03142025.xlsx
2025-03-07,phoenix,1719,682,28,2429,0.708,0.281,0.012,FY25_detentionStats03142025.xlsx
2025-03-07,salt lake city,6386,228,45,6659,0.959,0.034,0.007,FY25_detentionStats03142025.xlsx
2025-03-07,san antonio,2743,1008,120,3871,0.709,0.26,0.031,FY25_detentionStats03142025.xlsx
2025-03-07,san diego,1060,302,83,1445,0.734,0.209,0.057,FY25_detentionStats03142025.xlsx
2025-03-07,san francisco,18628,945,543,20116,0.926,0.047,0.027,FY25_detentionStats03142025.xlsx
2025-03-07,seattle,9083,706,609,10398,0.874,0.068,0.059,FY25_detentionStats03142025.xlsx
2025-03-07,st paul,3761,293,48,4102,0.917,0.071,0.012,FY25_detentionStats03142025.xlsx
2025-03-07,washington dc,2698,331,67,3096,0.871,0.107,0.022,FY25_detentionStats03142025.xlsx
2025-03-22,atlanta,5440,692,113,6245,0.871,0.111,0.018,FY25_detentionStats03262025.xlsx
2025-03-22,baltimore,3496,196,105,3797,0.921,0.052,0.028,FY25_detentionStats03262025.xlsx
2025-03-22,boston,7641,725,303,8669,0.881,0.084,0.035,FY25_detentionStats03262025.xlsx
2025-03-22,buffalo,787,32,121,940,0.837,0.034,0.129,FY25_detentionStats03262025.xlsx
2025-03-22,chicago,16114,2910,703,19727,0.817,0.148,0.036,FY25_detentionStats03262025.xlsx
2025-03-22,dallas,2083,666,108,2857,0.729,0.233,0.038,FY25_detentionStats03262025.xlsx
2025-03-22,denver,3373,184,183,3740,0.902,0.049,0.049,FY25_detentionStats03262025.xlsx
2025-03-22,detroit,7577,306,94,7977,0.95,0.038,0.012,FY25_detentionStats03262025.xlsx
2025-03-22,el paso,1127,508,338,1973,0.571,0.257,0.171,FY25_detentionStats03262025.xlsx
2025-03-22,harlingen,1838,512,108,2458,0.748,0.208,0.044,FY25_detentionStats03262025.xlsx
2025-03-22,houston,2779,520,51,3350,0.83,0.155,0.015,FY25_detentionStats03262025.xlsx
2025-03-22,los angeles,13637,1529,930,16096,0.847,0.095,0.058,FY25_detentionStats03262025.xlsx
2025-03-22,miami,13943,1667,301,15911,0.876,0.105,0.019,FY25_detentionStats03262025.xlsx
2025-03-22,new orleans,5713,812,140,6665,0.857,0.122,0.021,FY25_detentionStats03262025.xlsx
2025-03-22,new york,10607,1237,487,12331,0.86,0.1,0.039,FY25_detentionStats03262025.xlsx
2025-03-22,newark,11014,617,567,12198,0.903,0.051,0.046,FY25_detentionStats03262025.xlsx
2025-03-22,philadelphia,6510,234,131,6875,0.947,0.034,0.019,FY25_detentionStats03262025.xlsx
2025-03-22,phoenix,1674,724,28,2426,0.69,0.298,0.012,FY25_detentionStats03262025.xlsx
2025-03-22,salt lake city,6360,224,36,6620,0.961,0.034,0.005,FY25_detentionStats03262025.xlsx
2025-03-22,san antonio,2702,821,112,3635,0.743,0.226,0.031,FY25_detentionStats03262025.xlsx
2025-03-22,san diego,1030,275,74,1379,0.747,0.199,0.054,FY25_detentionStats03262025.xlsx
2025-03-22,san francisco,18644,958,508,20110,0.927,0.048,0.025,FY25_detentionStats03262025.xlsx
2025-03-22,seattle,9150,688,589,10427,0.878,0.066,0.056,FY25_detentionStats03262025.xlsx
2025-03-22,st paul,3745,298,43,4086,0.917,0.073,0.011,FY25_detentionStats03262025.xlsx
2025-03-22,washington dc,2975,354,63,3392,0.877,0.104,0.019,FY25_detentionStats03262025.xlsx
2025-04-05,atlanta,5426,716,98,6240,0.87,0.115,0.016,FY25_detentionStats04162025.xlsx
2025-04-05,baltimore,3485,222,95,3802,0.917,0.058,0.025,FY25_detentionStats04162025.xlsx
2025-04-05,boston,7583,821,275,8679,0.874,0.095,0.032,FY25_detentionStats04162025.xlsx
2025-04-05,buffalo,803,36,122,961,0.836,0.037,0.127,FY25_detentionStats04162025.xlsx
2025-04-05,chicago,16151,2922,674,19747,0.818,0.148,0.034,FY25_detentionStats04162025.xlsx
2025-04-05,dallas,2122,636,94,2852,0.744,0.223,0.033,FY25_detentionStats04162025.xlsx
2025-04-05,denver,3327,210,184,3721,0.894,0.056,0.049,FY25_detentionStats04162025.xlsx
2025-04-05,detroit,7568,306,94,7968,0.95,0.038,0.012,FY25_detentionStats04162025.xlsx
2025-04-05,el paso,1030,464,306,1800,0.572,0.258,0.17,FY25_detentionStats04162025.xlsx
2025-04-05,harlingen,1666,451,86,2203,0.756,0.205,0.039,FY25_detentionStats04162025.xlsx
2025-04-05,houston,2746,581,48,3375,0.814,0.172,0.014,FY25_detentionStats04162025.xlsx
2025-04-05,los angeles,13528,1590,846,15964,0.847,0.1,0.053,FY25_detentionStats04162025.xlsx
2025-04-05,miami,13907,1760,271,15938,0.873,0.11,0.017,FY25_detentionStats04162025.xlsx
2025-04-05,new orleans,5658,889,126,6673,0.848,0.133,0.019,FY25_detentionStats04162025.xlsx
2025-04-05,new york,10666,1377,421,12464,0.856,0.11,0.034,FY25_detentionStats04162025.xlsx
2025-04-05,newark,10897,709,543,12149,0.897,0.058,0.045,FY25_detentionStats04162025.xlsx
2025-04-05,philadelphia,6609,253,107,6969,0.948,0.036,0.015,FY25_detentionStats04162025.xlsx
2025-04-05,phoenix,1582,722,28,2332,0.678,0.31,0.012,FY25_detentionStats04162025.xlsx
2025-04-05,salt lake city,6316,250,31,6597,0.957,0.038,0.005,FY25_detentionStats04162025.xlsx
2025-04-05,san antonio,2648,730,84,3462,0.765,0.211,0.024,FY25_detentionStats04162025.xlsx
2025-04-05,san diego,1008,263,65,1336,0.754,0.197,0.049,FY25_detentionStats04162025.xlsx
2025-04-05,san francisco,18677,974,494,20145,0.927,0.048,0.025,FY25_detentionStats04162025.xlsx
2025-04-05,seattle,9153,704,580,10437,0.877,0.067,0.056,FY25_detentionStats04162025.xlsx
2025-04-05,st paul,3700,303,37,4040,0.916,0.075,0.009,FY25_detentionStats04162025.xlsx
2025-04-05,washington dc,3354,375,52,3781,0.887,0.099,0.014,FY25_detentionStats04162025.xlsx
2025-04-18,atlanta,5386,723,91,6200,0.869,0.117,0.015,FY25_detentionStats05092025.xlsx
2025-04-18,baltimore,3492,229,82,3803,0.918,0.06,0.022,FY25_detentionStats05092025.xlsx
2025-04-18,boston,7527,932,251,8710,0.864,0.107,0.029,FY25_detentionStats05092025.xlsx
2025-04-18,buffalo,808,32,124,964,0.838,0.033,0.129,FY25_detentionStats05092025.xlsx
2025-04-18,chicago,16182,3001,633,19816,0.817,0.151,0.032,FY25_detentionStats05092025.xlsx
2025-04-18,dallas,2133,603,87,2823,0.756,0.214,0.031,FY25_detentionStats05092025.xlsx
2025-04-18,denver,3290,204,197,3691,0.891,0.055,0.053,FY25_detentionStats05092025.xlsx
2025-04-18,detroit,7547,339,90,7976,0.946,0.043,0.011,FY25_detentionStats05092025.xlsx
2025-04-18,el paso,968,508,287,1763,0.549,0.288,0.163,FY25_detentionStats05092025.xlsx
2025-04-18,harlingen,1600,453,76,2129,0.752,0.213,0.036,FY25_detentionStats05092025.xlsx
2025-04-18,houston,2709,683,44,3436,0.788,0.199,0.013,FY25_detentionStats05092025.xlsx
2025-04-18,los angeles,13455,1613,772,15840,0.849,0.102,0.049,FY25_detentionStats05092025.xlsx
2025-04-18,miami,14082,1854,241,16177,0.87,0.115,0.015,FY25_detentionStats05092025.xlsx
2025-04-18,new orleans,5619,1001,117,6737,0.834,0.149,0.017,FY25_detentionStats05092025.xlsx
2025-04-18,new york,10664,1409,375,12448,0.857,0.113,0.03,FY25_detentionStats05092025.xlsx
2025-04-18,newark,10827,756,510,12093,0.895,0.063,0.042,FY25_detentionStats05092025.xlsx
2025-04-18,philadelphia,6738,249,97,7084,0.951,0.035,0.014,FY25_detentionStats05092025.xlsx
2025-04-18,phoenix,1550,772,26,2348,0.66,0.329,0.011,FY25_detentionStats05092025.xlsx
2025-04-18,salt lake city,6288,263,32,6583,0.955,0.04,0.005,FY25_detentionStats05092025.xlsx
2025-04-18,san antonio,2658,680,71,3409,0.78,0.199,0.021,FY25_detentionStats05092025.xlsx
2025-04-18,san diego,1005,277,59,1341,0.749,0.207,0.044,FY25_detentionStats05092025.xlsx
2025-04-18,san francisco,18764,1010,473,20247,0.927,0.05,0.023,FY25_detentionStats05092025.xlsx
2025-04-18,seattle,9180,694,574,10448,0.879,0.066,0.055,FY25_detentionStats05092025.xlsx
2025-04-18,st paul,3668,302,35,4005,0.916,0.075,0.009,FY25_detentionStats05092025.xlsx
2025-04-18,washington dc,3831,397,43,4271,0.897,0.093,0.01,FY25_detentionStats05092025.xlsx
2025-05-03,atlanta,5341,715,84,6140,0.87,0.116,0.014,FY25_detentionStats05122025.xlsx
2025-05-03,baltimore,3500,243,73,3816,0.917,0.064,0.019,FY25_detentionStats05122025.xlsx
2025-05-03,boston,7444,1012,239,8695,0.856,0.116,0.027,FY25_detentionStats05122025.xlsx
2025-05-03,buffalo,817,34,123,974,0.839,0.035,0.126,FY25_detentionStats05122025.xlsx
2025-05-03,chicago,16121,3040,627,19788,0.815,0.154,0.032,FY25_detentionStats05122025.xlsx
2025-05-03,dallas,2137,576,82,2795,0.765,0.206,0.029,FY25_detentionStats05122025.xlsx
2025-05-03,denver,3250,172,195,3617,0.899,0.048,0.054,FY25_detentionStats05122025.xlsx
2025-05-03,detroit,7549,347,90,7986,0.945,0.043,0.011,FY25_detentionStats05122025.xlsx
2025-05-03,el paso,902,568,272,1742,0.518,0.326,0.156,FY25_detentionStats05122025.xlsx
2025-05-03,harlingen,1567,434,73,2074,0.756,0.209,0.035,FY25_detentionStats05122025.xlsx
2025-05-03,houston,2671,746,47,3464,0.771,0.215,0.014,FY25_detentionStats05122025.xlsx
2025-05-03,los angeles,13400,1628,695,15723,0.852,0.104,0.044,FY25_detentionStats05122025.xlsx
2025-05-03,miami,14367,1950,201,16518,0.87,0.118,0.012,FY25_detentionStats05122025.xlsx
2025-05-03,new orleans,5588,1072,114,6774,0.825,0.158,0.017,FY25_detentionStats05122025.xlsx
2025-05-03,new york,10717,1506,354,12577,0.852,0.12,0.028,FY25_detentionStats05122025.xlsx
2025-05-03,newark,10768,791,494,12053,0.893,0.066,0.041,FY25_detentionStats05122025.xlsx
2025-05-03,philadelphia,6827,251,93,7171,0.952,0.035,0.013,FY25_detentionStats05122025.xlsx
2025-05-03,phoenix,1512,787,25,2324,0.651,0.339,0.011,FY25_detentionStats05122025.xlsx
2025-05-03,salt lake city,6266,274,28,6568,0.954,0.042,0.004,FY25_detentionStats05122025.xlsx
2025-05-03,san antonio,2636,691,61,3388,0.778,0.204,0.018,FY25_detentionStats05122025.xlsx
2025-05-03,san diego,998,294,57,1349,0.74,0.218,0.042,FY25_detentionStats05122025.xlsx
2025-05-03,san francisco,18849,1031,463,20343,0.927,0.051,0.023,FY25_detentionStats05122025.xlsx
2025-05-03,seattle,9192,693,562,10447,0.88,0.066,0.054,FY25_detentionStats05122025.xlsx
2025-05-03,st paul,3627,302,30,3959,0.916,0.076,0.008,FY25_detentionStats05122025.xlsx
2025-05-03,washington dc,4153,428,33,4614,0.9,0.093,0.007,FY25_detentionStats05122025.xlsx
2025-05-17,atlanta,5264,734,77,6075,0.867,0.121,0.013,FY25_detentionStats05232025.xlsx
2025-05-17,baltimore,3489,262,59,3810,0.916,0.069,0.015,FY25_detentionStats05232025.xlsx
2025-05-17,boston,7393,1128,219,8740,0.846,0.129,0.025,FY25_detentionStats05232025.xlsx
2025-05-17,buffalo,814,51,118,983,0.828,0.052,0.12,FY25_detentionStats05232025.xlsx
2025-05-17,chicago,16129,3142,589,19860,0.812,0.158,0.03,FY25_detentionStats05232025.xlsx
2025-05-17,dallas,2138,576,78,2792,0.766,0.206,0.028,FY25_detentionStats05232025.xlsx
2025-05-17,denver,3213,185,214,3612,0.89,0.051,0.059,FY25_detentionStats05232025.xlsx
2025-05-17,detroit,7535,357,87,7979,0.944,0.045,0.011,FY25_detentionStats05232025.xlsx
2025-05-17,el paso,833,632,264,1729,0.482,0.366,0.153,FY25_detentionStats05232025.xlsx
2025-05-17,harlingen,1527,421,65,2013,0.759,0.209,0.032,FY25_detentionStats05232025.xlsx
2025-05-17,houston,2644,811,45,3500,0.755,0.232,0.013,FY25_detentionStats05232025.xlsx
2025-05-17,los angeles,13574,1729,617,15920,0.853,0.109,0.039,FY25_detentionStats05232025.xlsx
2025-05-17,miami,14522,2086,174,16782,0.865,0.124,0.01,FY25_detentionStats05232025.xlsx
2025-05-17,new orleans,5521,1147,107,6775,0.815,0.169,0.016,FY25_detentionStats05232025.xlsx
2025-05-17,new york,10747,1599,333,12679,0.848,0.126,0.026,FY25_detentionStats05232025.xlsx
2025-05-17,newark,10662,859,460,11981,0.89,0.072,0.038,FY25_detentionStats05232025.xlsx
2025-05-17,philadelphia,6898,239,80,7217,0.956,0.033,0.011,FY25_detentionStats05232025.xlsx
2025-05-17,phoenix,1443,803,27,2273,0.635,0.353,0.012,FY25_detentionStats05232025.xlsx
2025-05-17,salt lake city,6215,305,27,6547,0.949,0.047,0.004,FY25_detentionStats05232025.xlsx
2025-05-17,san antonio,2648,699,55,3402,0.778,0.205,0.016,FY25_detentionStats05232025.xlsx
2025-05-17,san diego,981,299,47,1327,0.739,0.225,0.035,FY25_detentionStats05232025.xlsx
2025-05-17,san francisco,18873,1077,441,20391,0.926,0.053,0.022,FY25_detentionStats05232025.xlsx
2025-05-17,seattle,9189,687,550,10426,0.881,0.066,0.053,FY25_detentionStats05232025.xlsx
2025-05-17,st paul,3598,305,28,3931,0.915,0.078,0.007,FY25_detentionStats05232025.xlsx
2025-05-17,washington dc,4397,504,30,4931,0.892,0.102,0.006,FY25_detentionStats05232025.xlsx
2025-05-31,atlanta,5218,749,73,6040,0.864,0.124,0.012,FY25_detentionStats06052025.xlsx
2025-05-31,baltimore,3461,272,49,3782,0.915,0.072,0.013,FY25_detentionStats06052025.xlsx
2025-05-31,boston,7349,1199,200,8748,0.84,0.137,0.023,FY25_detentionStats06052025.xlsx
2025-05-31,buffalo,816,83,114,1013,0.806,0.082,0.113,FY25_detentionStats06052025.xlsx
2025-05-31,chicago,16085,3192,577,19854,0.81,0.161,0.029,FY25_detentionStats06052025.xlsx
2025-05-31,dallas,2142,567,75,2784,0.769,0.204,0.027,FY25_detentionStats06052025.xlsx
2025-05-31,denver,3202,197,206,3605,0.888,0.055,0.057,FY25_detentionStats06052025.xlsx
2025-05-31,detroit,7532,375,88,7995,0.942,0.047,0.011,FY25_detentionStats06052025.xlsx
2025-05-31,el paso,716,722,259,1697,0.422,0.425,0.153,FY25_detentionStats06052025.xlsx
2025-05-31,harlingen,1517,406,63,1986,0.764,0.204,0.032,FY25_detentionStats06052025.xlsx
2025-05-31,houston,2628,843,44,3515,0.748,0.24,0.013,FY25_detentionStats06052025.xlsx
2025-05-31,los angeles,13667,1724,494,15885,0.86,0.109,0.031,FY25_detentionStats06052025.xlsx
2025-05-31,miami,14492,2201,142,16835,0.861,0.131,0.008,FY25_detentionStats06052025.xlsx
2025-05-31,new orleans,5498,1179,103,6780,0.811,0.174,0.015,FY25_detentionStats06052025.xlsx
2025-05-31,new york,10724,1637,321,12682,0.846,0.129,0.025,FY25_detentionStats06052025.xlsx
2025-05-31,newark,10510,903,441,11854,0.887,0.076,0.037,FY25_detentionStats06052025.xlsx
2025-05-31,philadelphia,6932,238,72,7242,0.957,0.033,0.01,FY25_detentionStats06052025.xlsx
2025-05-31,phoenix,1421,823,28,2272,0.625,0.362,0.012,FY25_detentionStats06052025.xlsx
2025-05-31,salt lake city,6161,325,24,6510,0.946,0.05,0.004,FY25_detentionStats06052025.xlsx
2025-05-31,san antonio,2632,723,52,3407,0.773,0.212,0.015,FY25_detentionStats06052025.xlsx
2025-05-31,san diego,974,306,43,1323,0.736,0.231,0.033,FY25_detentionStats06052025.xlsx
2025-05-31,san francisco,18916,1089,429,20434,0.926,0.053,0.021,FY25_detentionStats06052025.xlsx
2025-05-31,seattle,9172,708,545,10425,0.88,0.068,0.052,FY25_detentionStats06052025.xlsx
2025-05-31,st paul,3570,313,26,3909,0.913,0.08,0.007,FY25_detentionStats06052025.xlsx
2025-05-31,washington dc,4425,795,27,5247,0.843,0.152,0.005,FY25_detentionStats06052025.xlsx
2025-06-14,atlanta,5092,773,67,5932,0.858,0.13,0.011,FY25_detentionStats06202025.xlsx
2025-06-14,baltimore,3399,275,40,3714,0.915,0.074,0.011,FY25_detentionStats06202025.xlsx
2025-06-14,boston,7264,1259,187,8710,0.834,0.145,0.021,FY25_detentionStats06202025.xlsx
2025-06-14,buffalo,811,110,113,1034,0.784,0.106,0.109,FY25_detentionStats06202025.xlsx
2025-06-14,chicago,15931,3124,568,19623,0.812,0.159,0.029,FY25_detentionStats06202025.xlsx
2025-06-14,dallas,2039,584,81,2704,0.754,0.216,0.03,FY25_detentionStats06202025.xlsx
2025-06-14,denver,3127,189,208,3524,0.887,0.054,0.059,FY25_detentionStats06202025.xlsx
2025-06-14,detroit,7447,368,83,7898,0.943,0.047,0.011,FY25_detentionStats06202025.xlsx
2025-06-14,el paso,612,795,250,1657,0.369,0.48,0.151,FY25_detentionStats06202025.xlsx
2025-06-14,harlingen,1497,392,58,1947,0.769,0.201,0.03,FY25_detentionStats06202025.xlsx
2025-06-14,houston,2563,853,44,3460,0.741,0.247,0.013,FY25_detentionStats06202025.xlsx
2025-06-14,los angeles,13631,1722,442,15795,0.863,0.109,0.028,FY25_detentionStats06202025.xlsx
2025-06-14,miami,14227,2099,118,16444,0.865,0.128,0.007,FY25_detentionStats06202025.xlsx
2025-06-14,new orleans,5378,1223,99,6700,0.803,0.183,0.015,FY25_detentionStats06202025.xlsx
2025-06-14,new york,10377,1524,287,12188,0.851,0.125,0.024,FY25_detentionStats06202025.xlsx
2025-06-14,newark,10355,947,409,11711,0.884,0.081,0.035,FY25_detentionStats06202025.xlsx
2025-06-14,philadelphia,6915,227,60,7202,0.96,0.032,0.008,FY25_detentionStats06202025.xlsx
2025-06-14,phoenix,1387,835,28,2250,0.616,0.371,0.012,FY25_detentionStats06202025.xlsx
2025-06-14,salt lake city,6109,365,25,6499,0.94,0.056,0.004,FY25_detentionStats06202025.xlsx
2025-06-14,san antonio,2578,754,48,3380,0.763,0.223,0.014,FY25_detentionStats06202025.xlsx
2025-06-14,san diego,955,319,42,1316,0.726,0.242,0.032,FY25_detentionStats06202025.xlsx
2025-06-14,san francisco,18832,1140,425,20397,0.923,0.056,0.021,FY25_detentionStats06202025.xlsx
2025-06-14,seattle,9088,727,517,10332,0.88,0.07,0.05,FY25_detentionStats06202025.xlsx
2025-06-14,st paul,3513,307,26,3846,0.913,0.08,0.007,FY25_detentionStats06202025.xlsx
2025-06-14,washington dc,4259,1212,22,5493,0.775,0.221,0.004,FY25_detentionStats06202025.xlsx
2025-06-28,atlanta,4990,810,67,5867,0.851,0.138,0.011,FY25_detentionStats07072025.xlsx
2025-06-28,baltimore,3367,281,35,3683,0.914,0.076,0.01,FY25_detentionStats07072025.xlsx
2025-06-28,boston,7210,1325,167,8702,0.829,0.152,0.019,FY25_detentionStats07072025.xlsx
2025-06-28,buffalo,804,124,111,1039,0.774,0.119,0.107,FY25_detentionStats07072025.xlsx
2025-06-28,chicago,15752,3191,542,19485,0.808,0.164,0.028,FY25_detentionStats07072025.xlsx
2025-06-28,dallas,1949,582,85,2616,0.745,0.222,0.032,FY25_detentionStats07072025.xlsx
2025-06-28,denver,3086,188,214,3488,0.885,0.054,0.061,FY25_detentionStats07072025.xlsx
2025-06-28,detroit,7402,388,84,7874,0.94,0.049,0.011,FY25_detentionStats07072025.xlsx
2025-06-28,el paso,544,838,234,1616,0.337,0.519,0.145,FY25_detentionStats07072025.xlsx
2025-06-28,harlingen,1483,415,51,1949,0.761,0.213,0.026,FY25_detentionStats07072025.xlsx
2025-06-28,houston,2556,864,47,3467,0.737,0.249,0.014,FY25_detentionStats07072025.xlsx
2025-06-28,los angeles,13516,1697,406,15619,0.865,0.109,0.026,FY25_detentionStats07072025.xlsx
2025-06-28,miami,14050,2270,105,16425,0.855,0.138,0.006,FY25_detentionStats07072025.xlsx
2025-06-28,new orleans,5310,1262,95,6667,0.796,0.189,0.014,FY25_detentionStats07072025.xlsx
2025-06-28,new york,10264,1547,271,12082,0.85,0.128,0.022,FY25_detentionStats07072025.xlsx
2025-06-28,newark,10254,967,404,11625,0.882,0.083,0.035,FY25_detentionStats07072025.xlsx
2025-06-28,philadelphia,6911,229,50,7190,0.961,0.032,0.007,FY25_detentionStats07072025.xlsx
2025-06-28,phoenix,1348,873,32,2253,0.598,0.387,0.014,FY25_detentionStats07072025.xlsx
2025-06-28,salt lake city,6044,421,28,6493,0.931,0.065,0.004,FY25_detentionStats07072025.xlsx
2025-06-28,san antonio,2517,838,47,3402,0.74,0.246,0.014,FY25_detentionStats07072025.xlsx
2025-06-28,san diego,916,371,41,1328,0.69,0.279,0.031,FY25_detentionStats07072025.xlsx
2025-06-28,san francisco,18823,1191,416,20430,0.921,0.058,0.02,FY25_detentionStats07072025.xlsx
2025-06-28,seattle,9008,752,495,10255,0.878,0.073,0.048,FY25_detentionStats07072025.xlsx
2025-06-28,st paul,3477,304,26,3807,0.913,0.08,0.007,FY25_detentionStats07072025.xlsx
2025-06-28,washington dc,4094,1610,25,5729,0.715,0.281,0.004,FY25_detentionStats07072025.xlsx
2025-07-12,atlanta,4899,863,66,5828,0.841,0.148,0.011,FY25_detentionStats07172025.xlsx
2025-07-12,baltimore,3351,269,33,3653,0.917,0.074,0.009,FY25_detentionStats07172025.xlsx
2025-07-12,boston,7162,1346,167,8675,0.826,0.155,0.019,FY25_detentionStats07172025.xlsx
2025-07-12,buffalo,805,135,110,1050,0.767,0.129,0.105,FY25_detentionStats07172025.xlsx
2025-07-12,chicago,15674,3250,535,19459,0.805,0.167,0.027,FY25_detentionStats07172025.xlsx
2025-07-12,dallas,1891,583,83,2557,0.74,0.228,0.032,FY25_detentionStats07172025.xlsx
2025-07-12,denver,3044,199,218,3461,0.88,0.057,0.063,FY25_detentionStats07172025.xlsx
2025-07-12,detroit,7362,402,84,7848,0.938,0.051,0.011,FY25_detentionStats07172025.xlsx
2025-07-12,el paso,485,836,214,1535,0.316,0.545,0.139,FY25_detentionStats07172025.xlsx
2025-07-12,harlingen,1461,402,50,1913,0.764,0.21,0.026,FY25_detentionStats07172025.xlsx
2025-07-12,houston,2520,916,48,3484,0.723,0.263,0.014,FY25_detentionStats07172025.xlsx
2025-07-12,los angeles,13414,1750,375,15539,0.863,0.113,0.024,FY25_detentionStats07172025.xlsx
2025-07-12,miami,13972,2440,93,16505,0.847,0.148,0.006,FY25_detentionStats07172025.xlsx
2025-07-12,new orleans,5247,1277,88,6612,0.794,0.193,0.013,FY25_detentionStats07172025.xlsx
2025-07-12,new york,10127,1610,251,11988,0.845,0.134,0.021,FY25_detentionStats07172025.xlsx
2025-07-12,newark,10168,955,396,11519,0.883,0.083,0.034,FY25_detentionStats07172025.xlsx
2025-07-12,philadelphia,6847,263,46,7156,0.957,0.037,0.006,FY25_detentionStats07172025.xlsx
2025-07-12,phoenix,1326,912,31,2269,0.584,0.402,0.014,FY25_detentionStats07172025.xlsx
2025-07-12,salt lake city,5983,493,27,6503,0.92,0.076,0.004,FY25_detentionStats07172025.xlsx
2025-07-12,san antonio,2456,997,42,3495,0.703,0.285,0.012,FY25_detentionStats07172025.xlsx
2025-07-12,san diego,903,362,36,1301,0.694,0.278,0.028,FY25_detentionStats07172025.xlsx
2025-07-12,san francisco,18808,1267,416,20491,0.918,0.062,0.02,FY25_detentionStats07172025.xlsx
2025-07-12,seattle,9017,758,480,10255,0.879,0.074,0.047,FY25_detentionStats07172025.xlsx
2025-07-12,st paul,3441,299,26,3766,0.914,0.079,0.007,FY25_detentionStats07172025.xlsx
2025-07-12,washington dc,3955,1982,23,5960,0.664,0.333,0.004,FY25_detentionStats07172025.xlsx
2025-07-26,atlanta,4846,936,72,5854,0.828,0.16,0.012,FY25_detentionStats08012025.xlsx
2025-07-26,baltimore,3309,265,30,3604,0.918,0.074,0.008,FY25_detentionStats08012025.xlsx
2025-07-26,boston,7100,1382,163,8645,0.821,0.16,0.019,FY25_detentionStats08012025.xlsx
2025-07-26,buffalo,813,122,110,1045,0.778,0.117,0.105,FY25_detentionStats08012025.xlsx
2025-07-26,chicago,15657,3259,534,19450,0.805,0.168,0.027,FY25_detentionStats08012025.xlsx
2025-07-26,dallas,1827,629,82,2538,0.72,0.248,0.032,FY25_detentionStats08012025.xlsx
2025-07-26,denver,3022,197,234,3453,0.875,0.057,0.068,FY25_detentionStats08012025.xlsx
2025-07-26,detroit,7338,416,83,7837,0.936,0.053,0.011,FY25_detentionStats08012025.xlsx
2025-07-26,el paso,451,846,214,1511,0.298,0.56,0.142,FY25_detentionStats08012025.xlsx
2025-07-26,harlingen,1367,423,47,1837,0.744,0.23,0.026,FY25_detentionStats08012025.xlsx
2025-07-26,houston,2506,973,49,3528,0.71,0.276,0.014,FY25_detentionStats08012025.xlsx
2025-07-26,los angeles,13301,1874,355,15530,0.856,0.121,0.023,FY25_detentionStats08012025.xlsx
2025-07-26,miami,13978,2523,82,16583,0.843,0.152,0.005,FY25_detentionStats08012025.xlsx
2025-07-26,new orleans,5184,1302,85,6571,0.789,0.198,0.013,FY25_detentionStats08012025.xlsx
2025-07-26,new york,9980,1688,238,11906,0.838,0.142,0.02,FY25_detentionStats08012025.xlsx
2025-07-26,newark,10130,962,384,11476,0.883,0.084,0.033,FY25_detentionStats08012025.xlsx
2025-07-26,philadelphia,6775,327,36,7138,0.949,0.046,0.005,FY25_detentionStats08012025.xlsx
2025-07-26,phoenix,1299,942,34,2275,0.571,0.414,0.015,FY25_detentionStats08012025.xlsx
2025-07-26,salt lake city,5941,543,32,6516,0.912,0.083,0.005,FY25_detentionStats08012025.xlsx
2025-07-26,san antonio,2416,1054,47,3517,0.687,0.3,0.013,FY25_detentionStats08012025.xlsx
2025-07-26,san diego,905,328,35,1268,0.714,0.259,0.028,FY25_detentionStats08012025.xlsx
2025-07-26,san francisco,18807,1289,420,20516,0.917,0.063,0.02,FY25_detentionStats08012025.xlsx
2025-07-26,seattle,9052,746,476,10274,0.881,0.073,0.046,FY25_detentionStats08012025.xlsx
2025-07-26,st paul,3421,305,25,3751,0.912,0.081,0.007,FY25_detentionStats08012025.xlsx
2025-07-26,washington dc,3803,2339,34,6176,0.616,0.379,0.006,FY25_detentionStats08012025.xlsx
2025-08-09,atlanta,4825,979,70,5874,0.821,0.167,0.012,FY25_detentionStats08142025.xlsx
2025-08-09,baltimore,3276,268,31,3575,0.916,0.075,0.009,FY25_detentionStats08142025.xlsx
2025-08-09,boston,7077,1408,159,8644,0.819,0.163,0.018,FY25_detentionStats08142025.xlsx
2025-08-09,buffalo,813,119,101,1033,0.787,0.115,0.098,FY25_detentionStats08142025.xlsx
2025-08-09,chicago,15663,3287,535,19485,0.804,0.169,0.027,FY25_detentionStats08142025.xlsx
2025-08-09,dallas,1722,677,88,2487,0.692,0.272,0.035,FY25_detentionStats08142025.xlsx
2025-08-09,denver,3005,205,231,3441,0.873,0.06,0.067,FY25_detentionStats08142025.xlsx
2025-08-09,detroit,7352,409,83,7844,0.937,0.052,0.011,FY25_detentionStats08142025.xlsx
2025-08-09,el paso,435,818,216,1469,0.296,0.557,0.147,FY25_detentionStats08142025.xlsx
2025-08-09,harlingen,1246,409,42,1697,0.734,0.241,0.025,FY25_detentionStats08142025.xlsx
2025-08-09,houston,2474,975,49,3498,0.707,0.279,0.014,FY25_detentionStats08142025.xlsx
2025-08-09,los angeles,13263,1929,335,15527,0.854,0.124,0.022,FY25_detentionStats08142025.xlsx
2025-08-09,miami,14021,2620,79,16720,0.839,0.157,0.005,FY25_detentionStats08142025.xlsx
2025-08-09,new orleans,5095,1325,85,6505,0.783,0.204,0.013,FY25_detentionStats08142025.xlsx
2025-08-09,new york,9831,1743,225,11799,0.833,0.148,0.019,FY25_detentionStats08142025.xlsx
2025-08-09,newark,10065,974,360,11399,0.883,0.085,0.032,FY25_detentionStats08142025.xlsx
2025-08-09,philadelphia,6705,372,33,7110,0.943,0.052,0.005,FY25_detentionStats08142025.xlsx
2025-08-09,phoenix,1280,941,38,2259,0.567,0.417,0.017,FY25_detentionStats08142025.xlsx
2025-08-09,salt lake city,5881,576,31,6488,0.906,0.089,0.005,FY25_detentionStats08142025.xlsx
2025-08-09,san antonio,2381,1118,48,3547,0.671,0.315,0.014,FY25_detentionStats08142025.xlsx
2025-08-09,san diego,903,322,33,1258,0.718,0.256,0.026,FY25_detentionStats08142025.xlsx
2025-08-09,san francisco,18717,1406,376,20499,0.913,0.069,0.018,FY25_detentionStats08142025.xlsx
2025-08-09,seattle,9038,782,455,10275,0.88,0.076,0.044,FY25_detentionStats08142025.xlsx
2025-08-09,st paul,3323,378,25,3726,0.892,0.101,0.007,FY25_detentionStats08142025.xlsx
2025-08-09,washington dc,3715,2703,40,6458,0.575,0.419,0.006,FY25_detentionStats08142025.xlsx
2025-08-23,atlanta,4804,1054,73,5931,0.81,0.178,0.012,FY25_detentionStats08292025.xlsx
2025-08-23,baltimore,3149,335,30,3514,0.896,0.095,0.009,FY25_detentionStats08292025.xlsx
2025-08-23,boston,7041,1421,147,8609,0.818,0.165,0.017,FY25_detentionStats08292025.xlsx
2025-08-23,buffalo,808,115,100,1023,0.79,0.112,0.098,FY25_detentionStats08292025.xlsx
2025-08-23,chicago,15636,3355,529,19520,0.801,0.172,0.027,FY25_detentionStats08292025.xlsx
2025-08-23,dallas,1626,767,94,2487,0.654,0.308,0.038,FY25_detentionStats08292025.xlsx
2025-08-23,denver,2865,318,250,3433,0.835,0.093,0.073,FY25_detentionStats08292025.xlsx
2025-08-23,detroit,7350,425,83,7858,0.935,0.054,0.011,FY25_detentionStats08292025.xlsx
2025-08-23,el paso,407,786,215,1408,0.289,0.558,0.153,FY25_detentionStats08292025.xlsx
2025-08-23,harlingen,1101,371,39,1511,0.729,0.246,0.026,FY25_detentionStats08292025.xlsx
2025-08-23,houston,2436,1009,54,3499,0.696,0.288,0.015,FY25_detentionStats08292025.xlsx
2025-08-23,los angeles,13380,2055,313,15748,0.85,0.13,0.02,FY25_detentionStats08292025.xlsx
2025-08-23,miami,14114,2676,85,16875,0.836,0.159,0.005,FY25_detentionStats08292025.xlsx
2025-08-23,new orleans,5034,1350,84,6468,0.778,0.209,0.013,FY25_detentionStats08292025.xlsx
2025-08-23,new york,9713,1808,222,11743,0.827,0.154,0.019,FY25_detentionStats08292025.xlsx
2025-08-23,newark,9983,982,344,11309,0.883,0.087,0.03,FY25_detentionStats08292025.xlsx
2025-08-23,philadelphia,6677,407,30,7114,0.939,0.057,0.004,FY25_detentionStats08292025.xlsx
2025-08-23,phoenix,1235,988,41,2264,0.545,0.436,0.018,FY25_detentionStats08292025.xlsx
2025-08-23,salt lake city,5831,597,28,6456,0.903,0.092,0.004,FY25_detentionStats08292025.xlsx
2025-08-23,san antonio,2331,1103,49,3483,0.669,0.317,0.014,FY25_detentionStats08292025.xlsx
2025-08-23,san diego,870,361,32,1263,0.689,0.286,0.025,FY25_detentionStats08292025.xlsx
2025-08-23,san francisco,18603,1488,372,20463,0.909,0.073,0.018,FY25_detentionStats08292025.xlsx
2025-08-23,seattle,8998,803,447,10248,0.878,0.078,0.044,FY25_detentionStats08292025.xlsx
2025-08-23,st paul,3186,482,23,3691,0.863,0.131,0.006,FY25_detentionStats08292025.xlsx
2025-08-23,washington dc,3606,3014,46,6666,0.541,0.452,0.007,FY25_detentionStats08292025.xlsx
2025-09-06,atlanta,4773,1083,74,5930,0.805,0.183,0.012,FY25_detentionStats09112025.xlsx
2025-09-06,baltimore,3037,384,29,3450,0.88,0.111,0.008,FY25_detentionStats09112025.xlsx
2025-09-06,boston,6991,1434,136,8561,0.817,0.168,0.016,FY25_detentionStats09112025.xlsx
2025-09-06,buffalo,808,110,97,1015,0.796,0.108,0.096,FY25_detentionStats09112025.xlsx
2025-09-06,chicago,15364,3356,516,19236,0.799,0.174,0.027,FY25_detentionStats09112025.xlsx
2025-09-06,dallas,1536,820,100,2456,0.625,0.334,0.041,FY25_detentionStats09112025.xlsx
2025-09-06,denver,2690,426,251,3367,0.799,0.127,0.075,FY25_detentionStats09112025.xlsx
2025-09-06,detroit,7327,434,80,7841,0.934,0.055,0.01,FY25_detentionStats09112025.xlsx
2025-09-06,el paso,394,792,210,1396,0.282,0.567,0.15,FY25_detentionStats09112025.xlsx
2025-09-06,harlingen,616,317,28,961,0.641,0.33,0.029,FY25_detentionStats09112025.xlsx
2025-09-06,houston,2406,1052,57,3515,0.684,0.299,0.016,FY25_detentionStats09112025.xlsx
2025-09-06,los angeles,13571,2124,273,15968,0.85,0.133,0.017,FY25_detentionStats09112025.xlsx
2025-09-06,miami,14207,2762,66,17035,0.834,0.162,0.004,FY25_detentionStats09112025.xlsx
2025-09-06,new orleans,4994,1347,79,6420,0.778,0.21,0.012,FY25_detentionStats09112025.xlsx
2025-09-06,new york,9413,1866,217,11496,0.819,0.162,0.019,FY25_detentionStats09112025.xlsx
2025-09-06,newark,9907,986,332,11225,0.883,0.088,0.03,FY25_detentionStats09112025.xlsx
2025-09-06,philadelphia,6643,434,23,7100,0.936,0.061,0.003,FY25_detentionStats09112025.xlsx
2025-09-06,phoenix,1162,1019,46,2227,0.522,0.458,0.021,FY25_detentionStats09112025.xlsx
2025-09-06,salt lake city,5777,621,28,6426,0.899,0.097,0.004,FY25_detentionStats09112025.xlsx
2025-09-06,san antonio,2302,1105,50,3457,0.666,0.32,0.014,FY25_detentionStats09112025.xlsx
2025-09-06,san diego,865,463,34,1362,0.635,0.34,0.025,FY25_detentionStats09112025.xlsx
2025-09-06,san francisco,18331,1519,363,20213,0.907,0.075,0.018,FY25_detentionStats09112025.xlsx
2025-09-06,seattle,8964,837,430,10231,0.876,0.082,0.042,FY25_detentionStats09112025.xlsx
2025-09-06,st paul,3113,537,23,3673,0.848,0.146,0.006,FY25_detentionStats09112025.xlsx
2025-09-06,washington dc,3526,3261,53,6840,0.515,0.477,0.008,FY25_detentionStats09112025.xlsx
2025-09-20,atlanta,4744,1127,72,5943,0.798,0.19,0.012,FY25_detentionStats09252025.xlsx
2025-09-20,baltimore,2938,457,27,3422,0.859,0.134,0.008,FY25_detentionStats09252025.xlsx
2025-09-20,boston,6950,1463,133,8546,0.813,0.171,0.016,FY25_detentionStats09252025.xlsx
2025-09-20,buffalo,824,108,88,1020,0.808,0.106,0.086,FY25_detentionStats09252025.xlsx
2025-09-20,chicago,15328,3374,511,19213,0.798,0.176,0.027,FY25_detentionStats09252025.xlsx
2025-09-20,dallas,1444,827,96,2367,0.61,0.349,0.041,FY25_detentionStats09252025.xlsx
2025-09-20,denver,2563,491,251,3305,0.775,0.149,0.076,FY25_detentionStats09252025.xlsx
2025-09-20,detroit,7323,438,80,7841,0.934,0.056,0.01,FY25_detentionStats09252025.xlsx
2025-09-20,el paso,337,737,206,1280,0.263,0.576,0.161,FY25_detentionStats09252025.xlsx
2025-09-20,harlingen,322,309,31,662,0.486,0.467,0.047,FY25_detentionStats09252025.xlsx
2025-09-20,houston,2349,1099,56,3504,0.67,0.314,0.016,FY25_detentionStats09252025.xlsx
2025-09-20,los angeles,13896,2160,252,16308,0.852,0.132,0.015,FY25_detentionStats09252025.xlsx
2025-09-20,miami,14106,2907,78,17091,0.825,0.17,0.005,FY25_detentionStats09252025.xlsx
2025-09-20,new orleans,4951,1348,78,6377,0.776,0.211,0.012,FY25_detentionStats09252025.xlsx
2025-09-20,new york,9309,1896,206,11411,0.816,0.166,0.018,FY25_detentionStats09252025.xlsx
2025-09-20,newark,9816,1034,321,11171,0.879,0.093,0.029,FY25_detentionStats09252025.xlsx
2025-09-20,philadelphia,6583,474,19,7076,0.93,0.067,0.003,FY25_detentionStats09252025.xlsx
2025-09-20,phoenix,1084,1080,47,2211,0.49,0.488,0.021,FY25_detentionStats09252025.xlsx
2025-09-20,salt lake city,5735,649,29,6413,0.894,0.101,0.005,FY25_detentionStats09252025.xlsx
2025-09-20,san antonio,2237,1130,47,3414,0.655,0.331,0.014,FY25_detentionStats09252025.xlsx
2025-09-20,san diego,932,528,33,1493,0.624,0.354,0.022,FY25_detentionStats09252025.xlsx
2025-09-20,san francisco,18261,1553,359,20173,0.905,0.077,0.018,FY25_detentionStats09252025.xlsx
2025-09-20,seattle,8979,886,401,10266,0.875,0.086,0.039,FY25_detentionStats09252025.xlsx
2025-09-20,st paul,3016,613,22,3651,0.826,0.168,0.006,FY25_detentionStats09252025.xlsx
2025-09-20,washington dc,3434,3561,57,7052,0.487,0.505,0.008,FY25_detentionStats09252025.xlsx
2025-11-15,atlanta,4655,1293,68,6016,0.774,0.215,0.011,FY26_detentionStats11202025.xlsx
2025-11-15,baltimore,2476,670,30,3176,0.78,0.211,0.009,FY26_detentionStats11202025.xlsx
2025-11-15,boston,6755,1504,91,8350,0.809,0.18,0.011,FY26_detentionStats11202025.xlsx
2025-11-15,buffalo,790,114,53,957,0.825,0.119,0.055,FY26_detentionStats11202025.xlsx
2025-11-15,chicago,15126,3428,496,19050,0.794,0.18,0.026,FY26_detentionStats11202025.xlsx
2025-11-15,dallas,1100,939,79,2118,0.519,0.443,0.037,FY26_detentionStats11202025.xlsx
2025-11-15,denver,2321,602,254,3177,0.731,0.189,0.08,FY26_detentionStats11202025.xlsx
2025-11-15,detroit,7312,436,75,7823,0.935,0.056,0.01,FY26_detentionStats11202025.xlsx
2025-11-15,el paso,193,704,190,1087,0.178,0.648,0.175,FY26_detentionStats11202025.xlsx
2025-11-15,harlingen,165,330,26,521,0.317,0.633,0.05,FY26_detentionStats11202025.xlsx
2025-11-15,houston,1911,1393,61,3365,0.568,0.414,0.018,FY26_detentionStats11202025.xlsx
2025-11-15,los angeles,14794,2622,203,17619,0.84,0.149,0.012,FY26_detentionStats11202025.xlsx
2025-11-15,miami,14210,3180,44,17434,0.815,0.182,0.003,FY26_detentionStats11202025.xlsx
2025-11-15,new orleans,4700,1332,59,6091,0.772,0.219,0.01,FY26_detentionStats11202025.xlsx
2025-11-15,new york,9135,1945,136,11216,0.814,0.173,0.012,FY26_detentionStats11202025.xlsx
2025-11-15,newark,9528,1165,65,10758,0.886,0.108,0.006,FY26_detentionStats11202025.xlsx
2025-11-15,philadelphia,6326,674,16,7016,0.902,0.096,0.002,FY26_detentionStats11202025.xlsx
2025-11-15,phoenix,859,1149,46,2054,0.418,0.559,0.022,FY26_detentionStats11202025.xlsx
2025-11-15,salt lake city,5629,701,20,6350,0.886,0.11,0.003,FY26_detentionStats11202025.xlsx
2025-11-15,san antonio,1896,1188,61,3145,0.603,0.378,0.019,FY26_detentionStats11202025.xlsx
2025-11-15,san diego,1024,756,96,1876,0.546,0.403,0.051,FY26_detentionStats11202025.xlsx
2025-11-15,san francisco,18221,2348,391,20960,0.869,0.112,0.019,FY26_detentionStats11202025.xlsx
2025-11-15,seattle,9099,921,359,10379,0.877,0.089,0.035,FY26_detentionStats11202025.xlsx
2025-11-15,st paul,2905,633,21,3559,0.816,0.178,0.006,FY26_detentionStats11202025.xlsx
2025-11-15,washington dc,3324,4612,82,8018,0.415,0.575,0.01,FY26_detentionStats11202025.xlsx
2025-11-29,atlanta,4605,1326,72,6003,0.767,0.221,0.012,FY26_detentionStats12032025.xlsx
2025-11-29,baltimore,2375,701,29,3105,0.765,0.226,0.009,FY26_detentionStats12032025.xlsx
2025-11-29,boston,6704,1529,83,8316,0.806,0.184,0.01,FY26_detentionStats12032025.xlsx
2025-11-29,buffalo,779,121,52,952,0.818,0.127,0.055,FY26_detentionStats12032025.xlsx
2025-11-29,chicago,15003,3533,485,19021,0.789,0.186,0.025,FY26_detentionStats12032025.xlsx
2025-11-29,dallas,1027,975,78,2080,0.494,0.469,0.038,FY26_detentionStats12032025.xlsx
2025-11-29,denver,2326,582,265,3173,0.733,0.183,0.084,FY26_detentionStats12032025.xlsx
2025-11-29,detroit,7301,434,74,7809,0.935,0.056,0.009,FY26_detentionStats12032025.xlsx
2025-11-29,el paso,185,725,196,1106,0.167,0.656,0.177,FY26_detentionStats12032025.xlsx
2025-11-29,harlingen,148,317,25,490,0.302,0.647,0.051,FY26_detentionStats12032025.xlsx
2025-11-29,houston,1811,1450,65,3326,0.544,0.436,0.02,FY26_detentionStats12032025.xlsx
2025-11-29,los angeles,14946,2742,207,17895,0.835,0.153,0.012,FY26_detentionStats12032025.xlsx
2025-11-29,miami,14242,3247,44,17533,0.812,0.185,0.003,FY26_detentionStats12032025.xlsx
2025-11-29,new orleans,4659,1291,58,6008,0.775,0.215,0.01,FY26_detentionStats12032025.xlsx
2025-11-29,new york,9071,1913,120,11104,0.817,0.172,0.011,FY26_detentionStats12032025.xlsx
2025-11-29,newark,9418,1189,44,10651,0.884,0.112,0.004,FY26_detentionStats12032025.xlsx
2025-11-29,philadelphia,6217,753,18,6988,0.89,0.108,0.003,FY26_detentionStats12032025.xlsx
2025-11-29,phoenix,822,1163,47,2032,0.405,0.572,0.023,FY26_detentionStats12032025.xlsx
2025-11-29,salt lake city,5572,739,22,6333,0.88,0.117,0.003,FY26_detentionStats12032025.xlsx
2025-11-29,san antonio,1827,1235,63,3125,0.585,0.395,0.02,FY26_detentionStats12032025.xlsx
2025-11-29,san diego,1025,848,117,1990,0.515,0.426,0.059,FY26_detentionStats12032025.xlsx
2025-11-29,san francisco,17920,2541,392,20853,0.859,0.122,0.019,FY26_detentionStats12032025.xlsx
2025-11-29,seattle,9096,939,359,10394,0.875,0.09,0.035,FY26_detentionStats12032025.xlsx
2025-11-29,st paul,2880,651,21,3552,0.811,0.183,0.006,FY26_detentionStats12032025.xlsx
2025-11-29,washington dc,3311,4771,88,8170,0.405,0.584,0.011,FY26_detentionStats12032025.xlsx
2025-12-13,atlanta,4370,1516,74,5960,0.733,0.254,0.012,FY26_detentionStats12222025.xlsx
2025-12-13,baltimore,2278,753,25,3056,0.745,0.246,0.008,FY26_detentionStats12222025.xlsx
2025-12-13,boston,6696,1571,83,8350,0.802,0.188,0.01,FY26_detentionStats12222025.xlsx
2025-12-13,buffalo,768,138,35,941,0.816,0.147,0.037,FY26_detentionStats12222025.xlsx
2025-12-13,chicago,14917,3607,434,18958,0.787,0.19,0.023,FY26_detentionStats12222025.xlsx
2025-12-13,dallas,922,1009,86,2017,0.457,0.5,0.043,FY26_detentionStats12222025.xlsx
2025-12-13,denver,2285,561,266,3112,0.734,0.18,0.085,FY26_detentionStats12222025.xlsx
2025-12-13,detroit,7275,420,67,7762,0.937,0.054,0.009,FY26_detentionStats12222025.xlsx
2025-12-13,el paso,172,681,177,1030,0.167,0.661,0.172,FY26_detentionStats12222025.xlsx
2025-12-13,harlingen,134,296,22,452,0.296,0.655,0.049,FY26_detentionStats12222025.xlsx
2025-12-13,houston,1729,1475,65,3269,0.529,0.451,0.02,FY26_detentionStats12222025.xlsx
2025-12-13,los angeles,15161,2775,186,18122,0.837,0.153,0.01,FY26_detentionStats12222025.xlsx
2025-12-13,miami,14136,3382,39,17557,0.805,0.193,0.002,FY26_detentionStats12222025.xlsx
2025-12-13,new orleans,4552,1313,56,5921,0.769,0.222,0.009,FY26_detentionStats12222025.xlsx
2025-12-13,new york,8981,1877,107,10965,0.819,0.171,0.01,FY26_detentionStats12222025.xlsx
2025-12-13,newark,9255,1202,34,10491,0.882,0.115,0.003,FY26_detentionStats12222025.xlsx
2025-12-13,philadelphia,6130,865,18,7013,0.874,0.123,0.003,FY26_detentionStats12222025.xlsx
2025-12-13,phoenix,790,1176,45,2011,0.393,0.585,0.022,FY26_detentionStats12222025.xlsx
2025-12-13,salt lake city,5543,790,23,6356,0.872,0.124,0.004,FY26_detentionStats12222025.xlsx
2025-12-13,san antonio,1756,1268,67,3091,0.568,0.41,0.022,FY26_detentionStats12222025.xlsx
2025-12-13,san diego,1057,933,130,2120,0.499,0.44,0.061,FY26_detentionStats12222025.xlsx
2025-12-13,san francisco,17530,2714,394,20638,0.849,0.132,0.019,FY26_detentionStats12222025.xlsx
2025-12-13,seattle,9039,962,311,10312,0.877,0.093,0.03,FY26_detentionStats12222025.xlsx
2025-12-13,st paul,2785,678,21,3484,0.799,0.195,0.006,FY26_detentionStats12222025.xlsx
2025-12-13,washington dc,3259,4990,94,8343,0.391,0.598,0.011,FY26_detentionStats12222025.xlsx
2025-12-27,atlanta,4054,1760,76,5890,0.688,0.299,0.013,FY26_detentionStats01082026.xlsx
2025-12-27,baltimore,2217,781,22,3020,0.734,0.259,0.007,FY26_detentionStats01082026.xlsx
2025-12-27,boston,6677,1565,81,8323,0.802,0.188,0.01,FY26_detentionStats01082026.xlsx
2025-12-27,buffalo,768,145,13,926,0.829,0.157,0.014,FY26_detentionStats01082026.xlsx
2025-12-27,chicago,15033,3656,212,18901,0.795,0.193,0.011,FY26_detentionStats01082026.xlsx
2025-12-27,dallas,810,1054,96,1960,0.413,0.538,0.049,FY26_detentionStats01082026.xlsx
2025-12-27,denver,2261,574,264,3099,0.73,0.185,0.085,FY26_detentionStats01082026.xlsx
2025-12-27,detroit,7250,415,6,7671,0.945,0.054,0.001,FY26_detentionStats01082026.xlsx
2025-12-27,el paso,164,694,171,1029,0.159,0.674,0.166,FY26_detentionStats01082026.xlsx
2025-12-27,harlingen,114,313,21,448,0.254,0.699,0.047,FY26_detentionStats01082026.xlsx
2025-12-27,houston,1672,1482,68,3222,0.519,0.46,0.021,FY26_detentionStats01082026.xlsx
2025-12-27,los angeles,15332,2820,167,18319,0.837,0.154,0.009,FY26_detentionStats01082026.xlsx
2025-12-27,miami,14004,3456,30,17490,0.801,0.198,0.002,FY26_detentionStats01082026.xlsx
2025-12-27,new orleans,4510,1351,54,5915,0.762,0.228,0.009,FY26_detentionStats01082026.xlsx
2025-12-27,new york,8924,1830,104,10858,0.822,0.169,0.01,FY26_detentionStats01082026.xlsx
2025-12-27,newark,9143,1206,37,10386,0.88,0.116,0.004,FY26_detentionStats01082026.xlsx
2025-12-27,philadelphia,6012,952,20,6984,0.861,0.136,0.003,FY26_detentionStats01082026.xlsx
2025-12-27,phoenix,720,1199,47,1966,0.366,0.61,0.024,FY26_detentionStats01082026.xlsx
2025-12-27,salt lake city,5519,813,26,6358,0.868,0.128,0.004,FY26_detentionStats01082026.xlsx
2025-12-27,san antonio,1710,1278,66,3054,0.56,0.418,0.022,FY26_detentionStats01082026.xlsx
2025-12-27,san diego,1045,980,138,2163,0.483,0.453,0.064,FY26_detentionStats01082026.xlsx
2025-12-27,san francisco,17311,2845,394,20550,0.842,0.138,0.019,FY26_detentionStats01082026.xlsx
2025-12-27,seattle,8935,956,274,10165,0.879,0.094,0.027,FY26_detentionStats01082026.xlsx
2025-12-27,st paul,2768,670,2,3440,0.805,0.195,0.001,FY26_detentionStats01082026.xlsx
2025-12-27,washington dc,3218,5198,105,8521,0.378,0.61,0.012,FY26_detentionStats01082026.xlsx
2026-01-24,atlanta,3291,2466,115,5872,0.56,0.42,0.02,FY26_detentionStats02022026.xlsx
2026-01-24,baltimore,2025,879,20,2924,0.693,0.301,0.007,FY26_detentionStats02022026.xlsx
2026-01-24,boston,6547,1610,78,8235,0.795,0.196,0.009,FY26_detentionStats02022026.xlsx
2026-01-24,buffalo,744,171,2,917,0.811,0.186,0.002,FY26_detentionStats02022026.xlsx
2026-01-24,chicago,14778,3694,211,18683,0.791,0.198,0.011,FY26_detentionStats02022026.xlsx
2026-01-24,dallas,684,1074,89,1847,0.37,0.581,0.048,FY26_detentionStats02022026.xlsx
2026-01-24,denver,2073,606,250,2929,0.708,0.207,0.085,FY26_detentionStats02022026.xlsx
2026-01-24,detroit,7180,431,6,7617,0.943,0.057,0.001,FY26_detentionStats02022026.xlsx
2026-01-24,el paso,146,755,161,1062,0.137,0.711,0.152,FY26_detentionStats02022026.xlsx
2026-01-24,harlingen,98,320,20,438,0.224,0.731,0.046,FY26_detentionStats02022026.xlsx
2026-01-24,houston,1564,1596,71,3231,0.484,0.494,0.022,FY26_detentionStats02022026.xlsx
2026-01-24,los angeles,15439,2999,163,18601,0.83,0.161,0.009,FY26_detentionStats02022026.xlsx
2026-01-24,miami,14060,3667,27,17754,0.792,0.207,0.002,FY26_detentionStats02022026.xlsx
2026-01-24,new orleans,4418,1399,37,5854,0.755,0.239,0.006,FY26_detentionStats02022026.xlsx
2026-01-24,new york,8897,1704,95,10696,0.832,0.159,0.009,FY26_detentionStats02022026.xlsx
2026-01-24,newark,8896,1245,31,10172,0.875,0.122,0.003,FY26_detentionStats02022026.xlsx
2026-01-24,philadelphia,5839,1150,29,7018,0.832,0.164,0.004,FY26_detentionStats02022026.xlsx
2026-01-24,phoenix,476,1198,46,1720,0.277,0.697,0.027,FY26_detentionStats02022026.xlsx
2026-01-24,salt lake city,5480,908,27,6415,0.854,0.142,0.004,FY26_detentionStats02022026.xlsx
2026-01-24,san antonio,1597,1380,76,3053,0.523,0.452,0.025,FY26_detentionStats02022026.xlsx
2026-01-24,san diego,1132,1005,181,2318,0.488,0.434,0.078,FY26_detentionStats02022026.xlsx
2026-01-24,san francisco,16940,3187,405,20532,0.825,0.155,0.02,FY26_detentionStats02022026.xlsx
2026-01-24,seattle,8844,962,266,10072,0.878,0.096,0.026,FY26_detentionStats02022026.xlsx
2026-01-24,st paul,2612,633,2,3247,0.804,0.195,0.001,FY26_detentionStats02022026.xlsx
2026-01-24,washington dc,3125,5622,125,8872,0.352,0.634,0.014,FY26_detentionStats02022026.xlsx
2026-02-07,atlanta,2945,2853,135,5933,0.496,0.481,0.023,FY26_detentionStats_02122026.xlsx
2026-02-07,baltimore,1913,912,22,2847,0.672,0.32,0.008,FY26_detentionStats_02122026.xlsx
2026-02-07,boston,6358,1671,82,8111,0.784,0.206,0.01,FY26_detentionStats_02122026.xlsx
2026-02-07,buffalo,725,199,4,928,0.781,0.214,0.004,FY26_detentionStats_02122026.xlsx
2026-02-07,chicago,14645,3746,211,18602,0.787,0.201,0.011,FY26_detentionStats_02122026.xlsx
2026-02-07,dallas,601,1096,88,1785,0.337,0.614,0.049,FY26_detentionStats_02122026.xlsx
2026-02-07,denver,2074,598,238,2910,0.713,0.205,0.082,FY26_detentionStats_02122026.xlsx
2026-02-07,detroit,7086,494,6,7586,0.934,0.065,0.001,FY26_detentionStats_02122026.xlsx
2026-02-07,el paso,139,767,160,1066,0.13,0.72,0.15,FY26_detentionStats_02122026.xlsx
2026-02-07,harlingen,91,339,18,448,0.203,0.757,0.04,FY26_detentionStats_02122026.xlsx
2026-02-07,houston,1499,1672,74,3245,0.462,0.515,0.023,FY26_detentionStats_02122026.xlsx
2026-02-07,los angeles,15464,3066,162,18692,0.827,0.164,0.009,FY26_detentionStats_02122026.xlsx
2026-02-07,miami,14141,3812,26,17979,0.787,0.212,0.001,FY26_detentionStats_02122026.xlsx
2026-02-07,new orleans,4385,1447,30,5862,0.748,0.247,0.005,FY26_detentionStats_02122026.xlsx
2026-02-07,new york,8927,1683,88,10698,0.834,0.157,0.008,FY26_detentionStats_02122026.xlsx
2026-02-07,newark,8819,1266,27,10112,0.872,0.125,0.003,FY26_detentionStats_02122026.xlsx
2026-02-07,philadelphia,5751,1268,36,7055,0.815,0.18,0.005,FY26_detentionStats_02122026.xlsx
2026-02-07,phoenix,410,1233,46,1689,0.243,0.73,0.027,FY26_detentionStats_02122026.xlsx
2026-02-07,salt lake city,5494,920,25,6439,0.853,0.143,0.004,FY26_detentionStats_02122026.xlsx
2026-02-07,san antonio,1551,1437,89,3077,0.504,0.467,0.029,FY26_detentionStats_02122026.xlsx
2026-02-07,san diego,1120,1003,198,2321,0.483,0.432,0.085,FY26_detentionStats_02122026.xlsx
2026-02-07,san francisco,16747,3327,430,20504,0.817,0.162,0.021,FY26_detentionStats_02122026.xlsx
2026-02-07,seattle,8853,982,271,10106,0.876,0.097,0.027,FY26_detentionStats_02122026.xlsx
2026-02-07,st paul,2481,638,1,3120,0.795,0.204,0,FY26_detentionStats_02122026.xlsx
2026-02-07,washington dc,3060,5686,130,8876,0.345,0.641,0.015,FY26_detentionStats_02122026.xlsx
2026-04-04,atlanta,2481,3676,187,6344,0.391,0.579,0.029,FY26_detentionStats_04092026.xlsx
2026-04-04,baltimore,1592,1434,28,3054,0.521,0.47,0.009,FY26_detentionStats_04092026.xlsx
2026-04-04,boston,6166,1862,77,8105,0.761,0.23,0.01,FY26_detentionStats_04092026.xlsx
2026-04-04,buffalo,662,287,4,953,0.695,0.301,0.004,FY26_detentionStats_04092026.xlsx
2026-04-04,chicago,14158,3769,209,18136,0.781,0.208,0.012,FY26_detentionStats_04092026.xlsx
2026-04-04,dallas,494,1144,98,1736,0.285,0.659,0.056,FY26_detentionStats_04092026.xlsx
2026-04-04,denver,1951,614,227,2792,0.699,0.22,0.081,FY26_detentionStats_04092026.xlsx
2026-04-04,detroit,6790,764,9,7563,0.898,0.101,0.001,FY26_detentionStats_04092026.xlsx
2026-04-04,el paso,143,795,158,1096,0.13,0.725,0.144,FY26_detentionStats_04092026.xlsx
2026-04-04,harlingen,79,373,15,467,0.169,0.799,0.032,FY26_detentionStats_04092026.xlsx
2026-04-04,houston,1300,1761,66,3127,0.416,0.563,0.021,FY26_detentionStats_04092026.xlsx
2026-04-04,los angeles,15691,2908,147,18746,0.837,0.155,0.008,FY26_detentionStats_04092026.xlsx
2026-04-04,miami,14051,4450,27,18528,0.758,0.24,0.001,FY26_detentionStats_04092026.xlsx
2026-04-04,new orleans,4174,1601,30,5805,0.719,0.276,0.005,FY26_detentionStats_04092026.xlsx
2026-04-04,new york,8954,1649,74,10677,0.839,0.154,0.007,FY26_detentionStats_04092026.xlsx
2026-04-04,newark,8542,1364,23,9929,0.86,0.137,0.002,FY26_detentionStats_04092026.xlsx
2026-04-04,philadelphia,5417,1722,51,7190,0.753,0.239,0.007,FY26_detentionStats_04092026.xlsx
2026-04-04,phoenix,350,1371,44,1765,0.198,0.777,0.025,FY26_detentionStats_04092026.xlsx
2026-04-04,salt lake city,5587,971,31,6589,0.848,0.147,0.005,FY26_detentionStats_04092026.xlsx
2026-04-04,san antonio,1354,1435,105,2894,0.468,0.496,0.036,FY26_detentionStats_04092026.xlsx
2026-04-04,san diego,1119,1043,253,2415,0.463,0.432,0.105,FY26_detentionStats_04092026.xlsx
2026-04-04,san francisco,16493,3540,467,20500,0.805,0.173,0.023,FY26_detentionStats_04092026.xlsx
2026-04-04,seattle,8776,996,265,10037,0.874,0.099,0.026,FY26_detentionStats_04092026.xlsx
2026-04-04,st paul,2344,833,0,3177,0.738,0.262,0,FY26_detentionStats_04092026.xlsx
2026-04-04,washington dc,2975,5940,161,9076,0.328,0.654,0.018,FY26_detentionStats_04092026.xlsx
